case_id,factor,epoch_utc,altitude_km,inclination_deg,duration_hours,model_id,role,eligible_candidate,maximum_position_difference_m,maximum_velocity_difference_mm_s,final_position_difference_m,final_velocity_difference_mm_s,maximum_radial_position_difference_m,maximum_along_track_position_difference_m,maximum_cross_track_position_difference_m,maximum_radial_velocity_difference_mm_s,maximum_along_track_velocity_difference_mm_s,maximum_cross_track_velocity_difference_mm_s,position_gate_m,velocity_gate_mm_s,position_gate_passed,velocity_gate_passed,pole_separation_from_baseline_start_arcsec,pole_separation_from_baseline_end_arcsec,runtime_seconds,eop_start_coverage_status,eop_end_coverage_status
B01_CONTROL_400KM_I51P6_JAN_24H,baseline_control,2026-01-01T00:00:00Z,400.0,51.6,24.0,iau1976_1980,closed_1b_baseline_without_polar_motion,False,3.202700372067483,3.6150290638267655,3.202700372067483,3.6150290638267655,0.06983550352068871,3.202368423927341,0.19373649605577253,3.6147327955756574,0.06279629546331306,0.2250157145719808,20.0,20.0,True,True,0.0,0.0,21.699941500031855,exact_source_row,exact_source_row
B01_CONTROL_400KM_I51P6_JAN_24H,baseline_control,2026-01-01T00:00:00Z,400.0,51.6,24.0,gmat_r2026a_eop_x_only,polar_motion_x_ablation,False,3.349413256920442,3.7872505257399114,3.349413256920442,3.7872505257399114,0.06342138132110872,3.3492291529152163,0.1759962481647657,3.7871105562092495,0.05558471145113855,0.20367394142701278,20.0,20.0,True,True,0.11052092430907205,0.10957665056240003,26.421436899981927,exact_source_row,exact_source_row
B01_CONTROL_400KM_I51P6_JAN_24H,baseline_control,2026-01-01T00:00:00Z,400.0,51.6,24.0,gmat_r2026a_eop_y_only,polar_motion_y_ablation,False,0.3431525801647444,0.38059824164131606,0.1432768946796716,0.16858632202029217,0.016104028406039077,0.3409903677096119,0.09861270968152593,0.3779633949711987,0.016442705576451836,0.1130512107855795,20.0,20.0,True,True,0.3311921682761064,0.3325727049891908,32.95648529997561,exact_source_row,exact_source_row
B01_CONTROL_400KM_I51P6_JAN_24H,baseline_control,2026-01-01T00:00:00Z,400.0,51.6,24.0,gmat_r2026a_eop_full,exact_tagged_eop_candidate,True,0.005057122403864437,0.005721125197827455,0.004013248595809686,0.004541092377664389,0.00023316633825568896,0.0050571201675514935,5.4743298818283825e-05,0.0057211245447982345,0.0002565423019777786,6.200959242955903e-05,20.0,20.0,True,True,0.34913275428128454,0.3501729478098454,42.86907129996689,exact_source_row,exact_source_row
B02_ALTITUDE_700KM_I51P6_JAN_24H,altitude,2026-01-01T00:00:00Z,700.0,51.6,24.0,iau1976_1980,closed_1b_baseline_without_polar_motion,False,2.874891553468263,3.039738075504552,2.874891553468263,3.039738075504552,0.06709273064514225,2.8745868531573078,0.17447705690953885,3.039482295341191,0.05649979827603964,0.18984332214982075,20.0,20.0,True,True,0.0,0.0,35.803520300018135,exact_source_row,exact_source_row
B02_ALTITUDE_700KM_I51P6_JAN_24H,altitude,2026-01-01T00:00:00Z,700.0,51.6,24.0,gmat_r2026a_eop_x_only,polar_motion_x_ablation,False,3.022988722527564,3.190592616561709,3.010897715364587,3.1898162672937413,0.060661414050246665,3.020922220577779,0.15795548224155956,3.1897014670601602,0.049918822858627816,0.17180794946398886,20.0,20.0,True,True,0.11052092430907205,0.10957665056240003,44.45222949999152,exact_source_row,exact_source_row
B02_ALTITUDE_700KM_I51P6_JAN_24H,altitude,2026-01-01T00:00:00Z,700.0,51.6,24.0,gmat_r2026a_eop_y_only,polar_motion_y_ablation,False,0.3122282194590033,0.3249030382663887,0.13859150820925237,0.15308246598503655,0.015487059863875104,0.3100859775970193,0.08868887241081291,0.3219604064101913,0.014719806335632721,0.09513395121107927,20.0,20.0,True,True,0.3311921682761064,0.3325727049891908,43.485184099990875,exact_source_row,exact_source_row
B02_ALTITUDE_700KM_I51P6_JAN_24H,altitude,2026-01-01T00:00:00Z,700.0,51.6,24.0,gmat_r2026a_eop_full,exact_tagged_eop_candidate,True,0.004990780118540663,0.005293992754273947,0.0021159726361998678,0.0022430299340021587,0.00026383916679747365,0.004990721950657402,4.916459842949335e-05,0.005293985226700025,0.00027340811045467985,5.2581608071394564e-05,20.0,20.0,True,True,0.34913275428128454,0.3501729478098454,41.94494570000097,exact_source_row,exact_source_row
B03_ALTITUDE_1000KM_I51P6_JAN_24H,altitude,2026-01-01T00:00:00Z,1000.0,51.6,24.0,iau1976_1980,closed_1b_baseline_without_polar_motion,False,2.6152454162917973,2.5944849543244106,2.6152454162917973,2.5944849543244106,0.06424720829923167,2.6150666900250354,0.15743890708153216,2.5944406316441775,0.05100421225389851,0.16110455925634484,20.0,20.0,True,True,0.0,0.0,32.31870820000768,exact_source_row,exact_source_row
B03_ALTITUDE_1000KM_I51P6_JAN_24H,altitude,2026-01-01T00:00:00Z,1000.0,51.6,24.0,gmat_r2026a_eop_x_only,polar_motion_x_ablation,False,2.738086912386347,2.7218534451618552,2.738086912386347,2.7218534451618552,0.0578074760149178,2.7379656302285986,0.14219850789891636,2.721843314057556,0.04504627654963669,0.14547918589476463,20.0,20.0,True,True,0.11052092430907205,0.10957665056240003,42.90248990000691,exact_source_row,exact_source_row
B03_ALTITUDE_1000KM_I51P6_JAN_24H,altitude,2026-01-01T00:00:00Z,1000.0,51.6,24.0,gmat_r2026a_eop_y_only,polar_motion_y_ablation,False,0.2816359866852703,0.2759997915168165,0.11954574085436316,0.12421657703858763,0.014860678458550753,0.28056101843932246,0.08007747162767714,0.2732068703109426,0.013275456005014931,0.08079278873599842,20.0,20.0,True,True,0.3311921682761064,0.3325727049891908,44.01665260002483,exact_source_row,exact_source_row
B03_ALTITUDE_1000KM_I51P6_JAN_24H,altitude,2026-01-01T00:00:00Z,1000.0,51.6,24.0,gmat_r2026a_eop_full,exact_tagged_eop_candidate,True,0.004864053294249981,0.00485197808853473,0.0034917941929663763,0.003479951085887667,0.0001916101070283758,0.004863934240130304,4.596137154265083e-05,0.004851913457333867,0.00018841549160183868,4.435894396725042e-05,20.0,20.0,True,True,0.34913275428128454,0.3501729478098454,43.364538399968296,exact_source_row,exact_source_row
B04_INCLINATION_5DEG_400KM_JAN_24H,inclination,2026-01-01T00:00:00Z,400.0,5.0,24.0,iau1976_1980,closed_1b_baseline_without_polar_motion,False,0.666180652163358,0.7395813845752993,0.357868051959773,0.40513973270965936,0.009665012736164387,0.4328881653826525,0.5091458431284888,0.4888307628258914,0.00939840134048351,0.5597023960171549,20.0,20.0,True,True,0.0,0.0,34.288601199979894,exact_source_row,exact_source_row
B04_INCLINATION_5DEG_400KM_JAN_24H,inclination,2026-01-01T00:00:00Z,400.0,5.0,24.0,gmat_r2026a_eop_x_only,polar_motion_x_ablation,False,0.6513507720616452,0.7265143744205932,0.3866621464984132,0.43799473612194195,0.008560999178580003,0.45864032457952336,0.4785197000955289,0.5183780768811581,0.008408470419428986,0.5256220619809382,20.0,20.0,True,True,0.11052092430907205,0.10957665056240003,44.23425609996775,exact_source_row,exact_source_row
B04_INCLINATION_5DEG_400KM_JAN_24H,inclination,2026-01-01T00:00:00Z,400.0,5.0,24.0,gmat_r2026a_eop_y_only,polar_motion_y_ablation,False,0.1598713995320449,0.17565218728354487,0.0310809558328084,0.03959641152721228,0.0028462635354962787,0.06396366166424412,0.15985993614428046,0.07095377793714955,0.002925420692598491,0.1756400066892754,20.0,20.0,True,True,0.3311921682761064,0.3325727049891908,42.50115840003127,exact_source_row,exact_source_row
B04_INCLINATION_5DEG_400KM_JAN_24H,inclination,2026-01-01T00:00:00Z,400.0,5.0,24.0,gmat_r2026a_eop_full,exact_tagged_eop_candidate,True,0.005148980154170368,0.00584437497378587,0.0021109703074391082,0.002393528224769877,0.0002380186860683826,0.005148734836209419,0.00010532025765303,0.005844368802337479,0.00027036916927559724,0.00011782951028916566,20.0,20.0,True,True,0.34913275428128454,0.3501729478098454,44.22760430001654,exact_source_row,exact_source_row
B05_INCLINATION_98DEG_400KM_JAN_24H,inclination,2026-01-01T00:00:00Z,400.0,98.0,24.0,iau1976_1980,closed_1b_baseline_without_polar_motion,False,4.181925201505197,4.710905153952956,4.181925201505197,4.710905153952956,0.061120936817214686,4.181673015004675,0.49680313867688053,4.7107234056875615,0.0502712794847085,0.5557002813893188,20.0,20.0,True,True,0.0,0.0,35.040405499981716,exact_source_row,exact_source_row
B05_INCLINATION_98DEG_400KM_JAN_24H,inclination,2026-01-01T00:00:00Z,400.0,98.0,24.0,gmat_r2026a_eop_x_only,polar_motion_x_ablation,False,3.881638127153735,4.37066539428272,3.881638127153735,4.37066539428272,0.0590904187511552,3.881363474607064,0.4681272251891383,4.3704553346320605,0.05049365270809866,0.525932770312165,20.0,20.0,True,True,0.11052092430907205,0.10957665056240003,44.907843800028786,exact_source_row,exact_source_row
B05_INCLINATION_98DEG_400KM_JAN_24H,inclination,2026-01-01T00:00:00Z,400.0,98.0,24.0,gmat_r2026a_eop_y_only,polar_motion_y_ablation,False,0.3146050171353373,0.35865970247208506,0.3007595406737675,0.34076885888810715,0.005187179923075648,0.31346227518604136,0.09446969788127121,0.35513186556541976,0.006173187835868808,0.10558298176952445,20.0,20.0,True,True,0.3311921682761064,0.3325727049891908,42.33446450001793,exact_source_row,exact_source_row
B05_INCLINATION_98DEG_400KM_JAN_24H,inclination,2026-01-01T00:00:00Z,400.0,98.0,24.0,gmat_r2026a_eop_full,exact_tagged_eop_candidate,True,0.005335130886850032,0.006041964765615912,0.00044074099092524264,0.0004959912936796927,0.00031834152510795964,0.005334964694974801,6.276347291495436e-05,0.006041583117966312,0.0003424136900039722,7.180832943454242e-05,20.0,20.0,True,True,0.34913275428128454,0.3501729478098454,44.78800030000275,exact_source_row,exact_source_row
B06_EPOCH_APR_400KM_I51P6_24H,epoch,2026-04-01T00:00:00Z,400.0,51.6,24.0,iau1976_1980,closed_1b_baseline_without_polar_motion,False,2.2751869125317814,2.554578270987245,1.59300270607628,1.8253631144524083,0.06389500603363527,2.2715683868426133,0.38149347540972606,2.551872504205988,0.06066670294721432,0.43724621517631007,20.0,20.0,True,True,0.0,0.0,33.66259560000617,exact_source_row,exact_source_row
B06_EPOCH_APR_400KM_I51P6_24H,epoch,2026-04-01T00:00:00Z,400.0,51.6,24.0,gmat_r2026a_eop_x_only,polar_motion_x_ablation,False,1.195197531284395,1.3290127064289952,0.458437427379356,0.5429773892931136,0.05979474464850433,1.1858941278512858,0.367810947186838,1.3166278081793195,0.061428019829259654,0.42135288162483986,20.0,20.0,True,True,0.11221743060383596,0.11293072861420253,44.322506199998315,exact_source_row,exact_source_row
B06_EPOCH_APR_400KM_I51P6_24H,epoch,2026-04-01T00:00:00Z,400.0,51.6,24.0,gmat_r2026a_eop_y_only,polar_motion_y_ablation,False,1.1399470832255538,1.2891147136170742,1.1399470832255538,1.2891147136170742,0.021378921134356778,1.1398876889944924,0.06076315928601545,1.2890698569875436,0.018818087356930604,0.07026481782376878,20.0,20.0,True,True,0.41132102950691507,0.41220432139950874,44.10536579997279,exact_source_row,exact_source_row
B06_EPOCH_APR_400KM_I51P6_24H,epoch,2026-04-01T00:00:00Z,400.0,51.6,24.0,gmat_r2026a_eop_full,exact_tagged_eop_candidate,True,0.006024826126638753,0.006836495600806213,0.0036415490211740707,0.00412022454118515,0.0003117457706034848,0.006016755302120144,4.578003949435634e-05,0.0068280385050224135,0.00033982178434908636,5.344282743301161e-05,20.0,20.0,True,True,0.4263650876555133,0.4274272953642085,42.65904739999678,exact_source_row,exact_source_row
B07_EPOCH_JUL_400KM_I51P6_24H,epoch,2026-07-01T00:00:00Z,400.0,51.6,24.0,iau1976_1980,closed_1b_baseline_without_polar_motion,False,4.048156408419207,4.565567482185223,4.048156408419207,4.565567482185223,0.09495324051687752,4.047616079792623,0.2862206090579124,4.565061358829954,0.08573303674056698,0.3312554795868133,20.0,20.0,True,True,0.0,0.0,33.06722740002442,exact_source_row,exact_source_row
B07_EPOCH_JUL_400KM_I51P6_24H,epoch,2026-07-01T00:00:00Z,400.0,51.6,24.0,gmat_r2026a_eop_x_only,polar_motion_x_ablation,False,4.273764347694914,4.833060362260694,4.273764347694914,4.833060362260694,0.0799511836753445,4.273542540560605,0.22865284462678,4.832896217591906,0.07011316610212959,0.26438533400572906,20.0,20.0,True,True,0.21589611058196215,0.21692195846507364,45.04457819997333,exact_source_row,exact_source_row
B07_EPOCH_JUL_400KM_I51P6_24H,epoch,2026-07-01T00:00:00Z,400.0,51.6,24.0,gmat_r2026a_eop_y_only,polar_motion_y_ablation,False,0.6222159595778627,0.6903590391002974,0.22625803315187834,0.2687731934605984,0.03138105943762973,0.6172175230747257,0.19318312011701222,0.6837957985223954,0.03233774063639783,0.22125195075547602,20.0,20.0,True,True,0.4210811623313592,0.4201603234205701,43.5356693000067,exact_source_row,exact_source_row
B07_EPOCH_JUL_400KM_I51P6_24H,epoch,2026-07-01T00:00:00Z,400.0,51.6,24.0,gmat_r2026a_eop_full,exact_tagged_eop_candidate,True,0.005245411433842615,0.005931833417230466,0.0007899840929125801,0.0008941137146575687,0.00024360595873581565,0.005244784216469395,3.6428595361472474e-05,0.005931167344566727,0.00026888298322320724,4.302759486942819e-05,20.0,20.0,True,True,0.4732123442602798,0.4728828334987678,43.17994289996568,exact_source_row,exact_source_row
B08_EPOCH_OCT_400KM_I51P6_24H,epoch,2026-10-01T00:00:00Z,400.0,51.6,24.0,iau1976_1980,closed_1b_baseline_without_polar_motion,False,3.1890491393943368,3.615345683402278,2.711585502626179,3.0851391071628433,0.05905289839635804,3.1881171455112036,0.3406598644140796,3.6151090987111765,0.05254577454128735,0.389834885058618,20.0,20.0,True,True,0.0,0.0,33.39085269998759,clamped_after_source_range,clamped_after_source_range
B08_EPOCH_OCT_400KM_I51P6_24H,epoch,2026-10-01T00:00:00Z,400.0,51.6,24.0,gmat_r2026a_eop_x_only,polar_motion_x_ablation,False,0.9718555634924427,1.0797498158194379,0.3854658989550598,0.4553649166211268,0.0475268710974457,0.9659737781623188,0.29187636919720467,1.0702472046143692,0.04874500110636058,0.33445791516226897,20.0,20.0,True,True,0.22978004000889557,0.22975948263555904,37.82473140000366,clamped_after_source_range,clamped_after_source_range
B08_EPOCH_OCT_400KM_I51P6_24H,epoch,2026-10-01T00:00:00Z,400.0,51.6,24.0,gmat_r2026a_eop_y_only,polar_motion_y_ablation,False,2.331275265454922,2.636219941602099,2.331275265454922,2.636219941602099,0.04379175891146533,2.331151453130048,0.12363317433946808,2.6361273590628693,0.03839125285886769,0.14296353291397731,20.0,20.0,True,True,0.32649518783461057,0.3265096546883224,37.644547900010366,clamped_after_source_range,clamped_after_source_range
B08_EPOCH_OCT_400KM_I51P6_24H,epoch,2026-10-01T00:00:00Z,400.0,51.6,24.0,gmat_r2026a_eop_full,exact_tagged_eop_candidate,True,0.0049416684121685,0.005593644608425796,0.0035828110407072123,0.004055656690011809,0.00029272911086907866,0.004941666161522389,2.23897870642736e-05,0.005593635443914979,0.00031989635338332815,2.5024963035427147e-05,20.0,20.0,True,True,0.39925858962732313,0.39925858962732313,37.04986239998834,clamped_after_source_range,clamped_after_source_range
B09_DURATION_6H_400KM_I51P6_JAN,duration,2026-01-01T00:00:00Z,400.0,51.6,6.0,iau1976_1980,closed_1b_baseline_without_polar_motion,False,1.67615489225893,1.8965451040511585,1.67615489225893,1.8965451040511585,0.06983550352068871,1.6752966215987444,0.13862438618279876,1.8902846337759813,0.06279629546331306,0.16316981141735656,5.0,5.0,True,True,0.0,0.0,8.590094699990004,exact_source_row,interpolated_between_source_rows
B09_DURATION_6H_400KM_I51P6_JAN,duration,2026-01-01T00:00:00Z,400.0,51.6,6.0,gmat_r2026a_eop_x_only,polar_motion_x_ablation,False,1.4444480129022566,1.6405686117366982,1.4444480129022566,1.6405686117366982,0.0612136216134347,1.443887339387586,0.1681402446567995,1.6285183568773565,0.05558471145113855,0.198610734888203,5.0,5.0,True,True,0.11052092430907205,0.11026419707662305,10.808269899978768,exact_source_row,interpolated_between_source_rows
B09_DURATION_6H_400KM_I51P6_JAN,duration,2026-01-01T00:00:00Z,400.0,51.6,6.0,gmat_r2026a_eop_y_only,polar_motion_y_ablation,False,0.2454704101804729,0.26785858441706334,0.23396923392467872,0.26674110538735685,0.013637802999914269,0.24148968576182847,0.04425161243238583,0.2659737821936297,0.014239065300379201,0.04701133330532654,5.0,5.0,True,True,0.3311921682761064,0.33152003199598074,10.4705197000294,exact_source_row,interpolated_between_source_rows
B09_DURATION_6H_400KM_I51P6_JAN,duration,2026-01-01T00:00:00Z,400.0,51.6,6.0,gmat_r2026a_eop_full,exact_tagged_eop_candidate,True,0.005057122403864437,0.005721125197827455,0.0010872090948390377,0.0012318405848366378,0.00023316633825568896,0.0050571201675514935,1.1684042412862871e-05,0.0057211245447982345,0.0002565423019777786,1.2173618971333407e-05,5.0,5.0,True,True,0.34913275428128454,0.3493897132101968,10.884383799973875,exact_source_row,interpolated_between_source_rows
B10_DURATION_72H_400KM_I51P6_JAN,duration,2026-01-01T00:00:00Z,400.0,51.6,72.0,iau1976_1980,closed_1b_baseline_without_polar_motion,False,9.576983256086432,10.825427804204875,9.576983256086432,10.825427804204875,0.07237080788007468,9.57686478884873,0.1973699140641449,10.825277602517488,0.06279629546331306,0.2338906847992752,100.0,50.0,True,True,0.0,0.0,98.78699120000238,exact_source_row,exact_source_row
B10_DURATION_72H_400KM_I51P6_JAN,duration,2026-01-01T00:00:00Z,400.0,51.6,72.0,gmat_r2026a_eop_x_only,polar_motion_x_ablation,False,10.03697727494056,11.352152172229124,10.036371840301088,11.351708140838152,0.06623458145327493,10.03684615487075,0.17794025350504222,11.352095339409654,0.05558471145113855,0.21018426171028137,100.0,50.0,True,True,0.11052092430907205,0.10678220410987099,133.64944980002474,exact_source_row,exact_source_row
B10_DURATION_72H_400KM_I51P6_JAN,duration,2026-01-01T00:00:00Z,400.0,51.6,72.0,gmat_r2026a_eop_y_only,polar_motion_y_ablation,False,0.6910941124935424,0.7751257371494278,0.4592499284992735,0.5264170213546682,0.016104028406039077,0.6902556028077816,0.09861270968152593,0.7728400789310713,0.016442705576451836,0.1130512107855795,100.0,50.0,True,True,0.3311921682761064,0.3345269493283776,131.74201659997925,exact_source_row,exact_source_row
B10_DURATION_72H_400KM_I51P6_JAN,duration,2026-01-01T00:00:00Z,400.0,51.6,72.0,gmat_r2026a_eop_full,exact_tagged_eop_candidate,True,0.006680147228529311,0.007558496964235116,0.00033752614451187593,0.00032979865002325583,0.00023316633825568896,0.006679536706478767,0.0001857837295035372,0.00755693475213331,0.0002565423019777786,0.00020851213577254414,100.0,50.0,True,True,0.34913275428128454,0.3511831613169656,134.19634490000317,exact_source_row,exact_source_row
