model,epoch_utc,frame,elapsed_seconds,timestamp_utc,position_x_km,position_y_km,position_z_km,velocity_x_km_s,velocity_y_km_s,velocity_z_km_s,position_magnitude_km,velocity_magnitude_km_s
numerical_gravity_20x20,2026-02-11T03:17:00Z,EarthMJ2000Eq,0.0,2026-02-11T03:17:00Z,-6738.02645227464,-117.78823992965101,20.423332232526725,0.11452958432318834,-7.682495189076066,-0.13201613640404022,6739.086856059802,7.684482911434783
numerical_gravity_20x20,2026-02-11T03:17:00Z,EarthMJ2000Eq,60.0,2026-02-11T03:18:00Z,-6715.349975786306,-578.1010210290999,12.46072539312583,0.6410135728067378,-7.655263390271811,-0.13329983766851944,6740.198910824914,7.683210580329083
numerical_gravity_20x20,2026-02-11T03:17:00Z,EarthMJ2000Eq,120.0,2026-02-11T03:19:00Z,-6661.1699694311055,-1035.7018799685193,4.439907784930803,1.1642409719323785,-7.5921386909364905,-0.1339558389198036,6741.20786347686,7.6820551358293185
numerical_gravity_20x20,2026-02-11T03:17:00Z,EarthMJ2000Eq,180.0,2026-02-11T03:20:00Z,-6575.754716581039,-1488.446226591398,-3.601371614574096,1.681786520508012,-7.493447442289231,-0.13398175992831385,6742.109108577928,7.681022821402561
numerical_gravity_20x20,2026-02-11T03:17:00Z,EarthMJ2000Eq,240.0,2026-02-11T03:21:00Z,-6459.517145752434,-1934.2138584644013,-11.625313534050164,2.1912554247270317,-7.35967570501417,-0.1333782829235758,6742.898498009605,7.680118266389334
numerical_gravity_20x20,2026-02-11T03:17:00Z,EarthMJ2000Eq,300.0,2026-02-11T03:22:00Z,-6313.012746521005,-2370.9184660036844,-19.594246857930834,2.6902918959711064,-7.1914669132551055,-0.13214895898397763,6743.572365199611,7.679344385905041
numerical_gravity_20x20,2026-02-11T03:17:00Z,EarthMJ2000Eq,360.0,2026-02-11T03:23:00Z,-6136.936949365327,-2796.517033166184,-27.470794428297925,3.176588821694004,-6.989620506592255,-0.13030001248685197,6744.127614585931,7.678703631573518
numerical_gravity_20x20,2026-02-11T03:17:00Z,EarthMJ2000Eq,420.0,2026-02-11T03:24:00Z,-5932.1218619779775,-3209.019133767436,-35.218030888118975,3.647899465530283,-6.755089388723625,-0.1278402813058491,6744.561801625233,7.678199417688173
numerical_gravity_20x20,2026-02-11T03:17:00Z,EarthMJ2000Eq,480.0,2026-02-11T03:25:00Z,-5699.5322831087105,-3606.4959882646463,-42.79964058697516,4.102049362232913,-6.488974361969745,-0.12478125964214887,6744.873117324131,7.6778361276634435
numerical_gravity_20x20,2026-02-11T03:17:00Z,EarthMJ2000Eq,540.0,2026-02-11T03:26:00Z,-5440.261070289174,-3987.0891101112607,-50.180077777169984,4.536945594837927,-6.192516411192176,-0.12113711129676649,6745.060275866884,7.677617406014513
numerical_gravity_20x20,2026-02-11T03:17:00Z,EarthMJ2000Eq,600.0,2026-02-11T03:27:00Z,-5155.524051755071,-4349.01849911289,-57.32472505063556,4.950582924278332,-5.867089833278336,-0.1169246026825271,6745.122406446994,7.677544253511449
numerical_gravity_20x20,2026-02-11T03:17:00Z,EarthMJ2000Eq,660.0,2026-02-11T03:28:00Z,-4846.6546032830165,-4690.590501204664,-64.20004741857883,5.341049429422849,-5.51419801837615,-0.1121630462685076,6745.059061239155,7.67761482117655
numerical_gravity_20x20,2026-02-11T03:17:00Z,EarthMJ2000Eq,720.0,2026-02-11T03:29:00Z,-4515.097819896259,-5010.2054621079105,-70.77374599524005,5.70653469474724,-5.135470274037053,-0.10687434975847722,6744.87034856046,7.6778262082772155
numerical_gravity_20x20,2026-02-11T03:17:00Z,EarthMJ2000Eq,780.0,2026-02-11T03:30:00Z,-4162.40411008228,-5306.365135526579,-77.01491675777268,6.045340549470372,-4.732656313786708,-0.10108311093840715,6744.557081422402,7.678176602476197
numerical_gravity_20x20,2026-02-11T03:17:00Z,EarthMJ2000Eq,840.0,2026-02-11T03:31:00Z,-3790.2221426690794,-5577.679645840513,-82.89421170714927,6.355891296207268,-4.30761698814978,-0.09481657085286911,6744.120815401892,7.6786657999881855
numerical_gravity_20x20,2026-02-11T03:17:00Z,EarthMJ2000Eq,900.0,2026-02-11T03:32:00Z,-3400.291271160049,-5822.8738264630565,-88.38398965905918,6.636740659820174,-3.8623132872493944,-0.0881043135619134,6743.563750515286,7.679293775122928
numerical_gravity_20x20,2026-02-11T03:17:00Z,EarthMJ2000Eq,960.0,2026-02-11T03:33:00Z,-2994.433639416117,-6040.792928037061,-93.45844365228514,6.886575789964553,-3.398796747043183,-0.08097782296156067,6742.888587317703,7.680058778840746
numerical_gravity_20x20,2026-02-11T03:17:00Z,EarthMJ2000Eq,1020.0,2026-02-11T03:34:00Z,-2574.5460702466203,-6230.407824913687,-98.09370363569802,7.104220969522484,-2.919202209803834,-0.07347014145028524,6742.098449834516,7.680956645315172
numerical_gravity_20x20,2026-02-11T03:17:00Z,EarthMJ2000Eq,1080.0,2026-02-11T03:35:00Z,-2142.591686427003,-6390.819817323563,-102.26792587741488,7.288642949330635,-2.425741167136872,-0.06561577353045148,6741.196911595519,7.6819816247180475
numerical_gravity_20x20,2026-02-11T03:17:00Z,EarthMJ2000Eq,1140.0,2026-02-11T03:36:00Z,-1700.5911697395097,-6521.264993764558,-105.96138223611827,7.438957426674581,-1.9206935036791717,-0.05745074625934407,6740.188073045176,7.6831277302409875
numerical_gravity_20x20,2026-02-11T03:17:00Z,EarthMJ2000Eq,1200.0,2026-02-11T03:37:00Z,-1250.6136410339404,-6621.118033234342,-109.15655246279525,7.554434921752112,-1.406397169938173,-0.04901261677860215,6739.076616429489,7.684389515322699
numerical_gravity_20x20,2026-02-11T03:17:00Z,EarthMJ2000Eq,1260.0,2026-02-11T03:38:00Z,-794.7672350114133,-6689.895350310915,-111.83821198163108,7.634505021365782,-0.8852368200569235,-0.04034031036108094,6737.867803809936,7.685762063028224
numerical_gravity_20x20,2026-02-11T03:17:00Z,EarthMJ2000Eq,1320.0,2026-02-11T03:39:00Z,-335.18946675290897,-6727.25755464289,-113.99350607996166,7.678759165488794,-0.35963242497734044,-0.03147385060679576,6736.567427447775,7.687240623653279
numerical_gravity_20x20,2026-02-11T03:17:00Z,EarthMJ2000Eq,1380.0,2026-02-11T03:40:00Z,125.96253792216356,-6733.011234254059,-115.61200800956168,7.686952454070505,0.16797188355779302,-0.022454110947176295,6735.181733104695,7.6888202457792545
numerical_gravity_20x20,2026-02-11T03:17:00Z,EarthMJ2000Eq,1440.0,2026-02-11T03:41:00Z,586.5218951531501,-6707.110075815038,-116.68576439527423,7.6590046091731985,0.6951187436833264,-0.013322639352703326,6733.717329247357,7.690495378314424
numerical_gravity_20x20,2026-02-11T03:17:00Z,EarthMJ2000Eq,1500.0,2026-02-11T03:42:00Z,1044.3218495537817,-6649.655340686582,-117.20933159999262,7.595000179631998,1.2193480612709426,-0.00412152554579519,6732.181095513633,7.692259382659175
numerical_gravity_20x20,2026-02-11T03:17:00Z,EarthMJ2000Eq,1560.0,2026-02-11T03:43:00Z,1497.2056600129492,-6560.895728304229,-117.1798049698429,7.495188403413026,1.7382069504322388,0.005106699299446285,6730.58011264618,7.694104150813517
numerical_gravity_20x20,2026-02-11T03:17:00Z,EarthMJ2000Eq,1620.0,2026-02-11T03:44:00Z,1943.036479222379,-6441.226651436664,-116.59684409419329,7.3599831824472535,2.24925950462975,0.014319088339684809,6728.921634171377,7.69602012740121
numerical_gravity_20x20,2026-02-11T03:17:00Z,EarthMJ2000Eq,1680.0,2026-02-11T03:45:00Z,2379.7072356454255,-6291.188912645772,-115.46269868379002,7.189963128141119,2.750097094069911,0.023472248109747178,6727.2131002940305,7.697996801588833
numerical_gravity_20x20,2026-02-11T03:17:00Z,EarthMJ2000Eq,1740.0,2026-02-11T03:46:00Z,2805.1505064932935,-6111.466735742565,-113.78223403570806,6.985871094414039,3.238349584141374,0.032522422095365267,6725.462171698658,7.700023421056403
numerical_gravity_20x20,2026-02-11T03:17:00Z,EarthMJ2000Eq,1800.0,2026-02-11T03:47:00Z,3217.348329775121,-5902.885100531889,-111.56294254899943,6.748612519644749,3.71169725755545,0.04142589519317363,6723.676752740149,7.702089559128941
numerical_gravity_20x20,2026-02-11T03:17:00Z,EarthMJ2000Eq,1860.0,2026-02-11T03:48:00Z,3614.3418715018456,-5666.406356904179,-108.81492102072767,6.479252243086905,4.167882789657589,0.05013969654652031,6721.864983223949,7.7041852630268695
numerical_gravity_20x20,2026-02-11T03:17:00Z,EarthMJ2000Eq,1920.0,2026-02-11T03:49:00Z,3994.240859618909,-5403.126136422245,-105.55080496146331,6.1790099888973264,4.60472259819838,0.058622253632174,6720.035198060081,7.706300747951166
numerical_gravity_20x20,2026-02-11T03:17:00Z,EarthMJ2000Eq,1980.0,2026-02-11T03:50:00Z,4355.232722098482,-5114.268609962927,-101.78567582788932,5.849255141779433,5.020117302696627,0.06683359198288556,6718.1958740641985,7.708425920736641
numerical_gravity_20x20,2026-02-11T03:17:00Z,EarthMJ2000Eq,2040.0,2026-02-11T03:51:00Z,4695.591406037884,-4801.181135583877,-97.53697259640164,5.491501392683705,5.412061712715501,0.07473502353148188,6716.355589913818,7.710550230160645
numerical_gravity_20x20,2026-02-11T03:17:00Z,EarthMJ2000Eq,2100.0,2026-02-11T03:52:00Z,5013.685870706035,-4465.328301476057,-92.82442823603492,5.107401123196712,5.778655113405708,0.08228871785982572,6714.523007969943,7.712663131889528
numerical_gravity_20x20,2026-02-11T03:17:00Z,EarthMJ2000Eq,2160.0,2026-02-11T03:53:00Z,5307.988213977884,-4108.285335745406,-87.67002261706187,4.698738627124211,6.118112015566653,0.08945764446935532,6712.706854354251,7.714754823790849
numerical_gravity_20x20,2026-02-11T03:17:00Z,EarthMJ2000Eq,2220.0,2026-02-11T03:54:00Z,5577.081337765376,-3731.730879620613,-82.09792336952789,4.267421503037977,6.428772389091095,0.09620601072997255,6710.915859626498,7.716816462235674
numerical_gravity_20x20,2026-02-11T03:17:00Z,EarthMJ2000Eq,2280.0,2026-02-11T03:55:00Z,5819.666054746775,-3337.439195691725,-76.13439262537275,3.8154708626144345,6.709110118674679,0.10249989083138651,6709.158652130069,7.7188394668876965
numerical_gravity_20x20,2026-02-11T03:17:00Z,EarthMJ2000Eq,2340.0,2026-02-11T03:56:00Z,6034.5676106616265,-2927.2719262169385,-69.80765988677146,3.345011877186431,6.95773970343915,0.10830768547787513,6707.443647697911,7.720814516232427
numerical_gravity_20x20,2026-02-11T03:17:00Z,EarthMJ2000Eq,2400.0,2026-02-11T03:57:00Z,6220.741669592698,-2503.169465632314,-63.14777469877135,2.8582652722801716,7.173422720160942,0.11360035488516855,6705.778995383781,7.722731312785269
numerical_gravity_20x20,2026-02-11T03:17:00Z,EarthMJ2000Eq,2460.0,2026-02-11T03:58:00Z,6377.279789971636,-2067.141916820392,-56.18644760375638,2.3575385428624003,7.3550753060290335,0.11835160888520091,6704.1725918080965,7.7245794605121105
numerical_gravity_20x20,2026-02-11T03:17:00Z,EarthMJ2000Eq,2520.0,2026-02-11T03:59:00Z,6503.41432063591,-1621.2595793972848,-48.956878272151,1.845215220681482,7.501776003196935,0.1225381349088054,6702.6321117580255,7.726349591319495
numerical_gravity_20x20,2026-02-11T03:17:00Z,EarthMJ2000Eq,2580.0,2026-02-11T04:00:00Z,6598.5225886348835,-1167.6430035951628,-41.49357258074832,1.3237421808150691,7.612772107787931,0.12613970007067907,6701.164992233444,7.728033627664728
numerical_gravity_20x20,2026-02-11T03:17:00Z,EarthMJ2000Eq,2640.0,2026-02-11T04:01:00Z,6662.130306993414,-708.4527332234543,-33.832161783028646,0.7956166475758837,7.687483728060639,0.1291389749879003,6699.778363329853,7.729624104311795
numerical_gravity_20x20,2026-02-11T03:17:00Z,EarthMJ2000Eq,2700.0,2026-02-11T04:02:00Z,6693.914228344776,-245.87884965826754,-26.00923753098527,0.2633741001640318,7.725506628721559,0.13152123555494097,6698.478975527419,7.731113530563359
numerical_gravity_20x20,2026-02-11T03:17:00Z,EarthMJ2000Eq,2760.0,2026-02-11T04:03:00Z,6693.704087559775,217.86965319381147,-18.062199210222175,-0.2704235627964607,7.726615124305011,0.1332743070842138,6697.273164552685,7.732494566657208
numerical_gravity_20x20,2026-02-11T03:17:00Z,EarthMJ2000Eq,2820.0,2026-02-11T04:04:00Z,6661.483808047389,680.5756654560408,-10.029092489467615,-0.8032008737790546,7.690764714610692,0.13438890072567125,6696.166839616874,7.733760658035557
numerical_gravity_20x20,2026-02-11T03:17:00Z,EarthMJ2000Eq,2880.0,2026-02-11T04:05:00Z,6597.391903472552,1140.024875620188,-1.9484221831266115,-1.3323826096405083,7.618093194059397,0.13485905868431997,6695.165452876204,7.734906224225073
numerical_gravity_20x20,2026-02-11T03:17:00Z,EarthMJ2000Eq,2940.0,2026-02-11T04:06:00Z,6501.721053419329,1594.0166939438336,6.141053799516563,-1.855407297246709,7.508919934704019,0.13468228586138886,6694.27394043518,7.73592619810948
numerical_gravity_20x20,2026-02-11T03:17:00Z,EarthMJ2000Eq,3000.0,2026-02-11T04:07:00Z,6374.916897370486,2040.3751025976646,14.200525724030053,-2.3697397959923934,7.363744366884484,0.1338592882298153,6693.496669350857,7.736815631161081
numerical_gravity_20x20,2026-02-11T03:17:00Z,EarthMJ2000Eq,3060.0,2026-02-11T04:08:00Z,6217.576083036852,2476.959411686392,22.191314055434574,-2.87288376956367,7.183244360674879,0.1323936699623268,6692.837419952258,7.7375699533145355
numerical_gravity_20x20,2026-02-11T03:17:00Z,EarthMJ2000Eq,3120.0,2026-02-11T04:09:00Z,6030.4435462245365,2901.674900453222,30.075042016063517,-3.3623948652770035,6.968273818564392,0.1302919542390136,6692.299388123161,7.738185525940209
numerical_gravity_20x20,2026-02-11T03:17:00Z,EarthMJ2000Eq,3180.0,2026-02-11T04:10:00Z,5814.408989273129,3312.483263682089,37.81381907109789,-3.835894051385028,6.719858505752589,0.12756387883156634,6691.885171730523,7.738659706562178
numerical_gravity_20x20,2026-02-11T03:17:00Z,EarthMJ2000Eq,3240.0,2026-02-11T04:11:00Z,5570.502584963738,3707.4127583517948,45.37044076929782,-4.291079955877417,6.439190392009168,0.12422257563447563,6691.59673671187,7.738990330823096
numerical_gravity_20x20,2026-02-11T03:17:00Z,EarthMJ2000Eq,3300.0,2026-02-11T04:12:00Z,5299.889976040811,4084.567994924056,52.70858831649747,-4.725740120293638,6.12762162871366,0.12028437304190605,6691.435395980306,7.7391753333046065
numerical_gravity_20x20,2026-02-11T03:17:00Z,EarthMJ2000Eq,3360.0,2026-02-11T04:13:00Z,5003.866607231636,4442.1393674365545,59.79300825088131,-5.1377621730639635,5.786658455173591,0.11576838999400506,6691.401825218179,7.739213044226187
numerical_gravity_20x20,2026-02-11T03:17:00Z,EarthMJ2000Eq,3420.0,2026-02-11T04:14:00Z,4683.851373793972,4778.412093894869,66.58967128939238,-5.525145399490901,5.417954111170532,0.11069630328285025,6691.496096927418,7.739102797341926
numerical_gravity_20x20,2026-02-11T03:17:00Z,EarthMJ2000Eq,3480.0,2026-02-11T04:15:00Z,4341.379582651883,5091.774780953184,73.06592701546103,-5.886011881434492,5.023300052157061,0.10509242940609062,6691.717696549079,7.73884511416966
numerical_gravity_20x20,2026-02-11T03:17:00Z,EarthMJ2000Eq,3540.0,2026-02-11T04:16:00Z,3978.09528449123,5380.7274219123965,79.19066744278359,-6.218616242808641,4.604616019946838,0.09898387819697432,6692.065513966627,7.738441346590244
numerical_gravity_20x20,2026-02-11T03:17:00Z,EarthMJ2000Eq,3600.0,2026-02-11T04:17:00Z,3595.74306182064,5643.8887899997235,84.93449360372915,-6.521354160310356,4.163939919988803,0.09240046601738891,6692.537837675595,7.737893355920187
numerical_gravity_20x20,2026-02-11T03:17:00Z,EarthMJ2000Eq,3660.0,2026-02-11T04:18:00Z,3196.159322818401,5880.003221894451,90.2698684946426,-6.792770432228482,3.7034175273694347,0.08537437759826856,6693.132372475995,7.737203649338367
numerical_gravity_20x20,2026-02-11T03:17:00Z,EarthMJ2000Eq,3720.0,2026-02-11T04:19:00Z,2781.263119145739,6087.946760559018,95.17124882949543,-7.031566701295405,3.2252913157137364,0.07793984954608198,6693.846268321755,7.736375699649808
numerical_gravity_20x20,2026-02-11T03:17:00Z,EarthMJ2000Eq,3780.0,2026-02-11T04:20:00Z,2353.0465282598307,6266.732594491603,99.61520416977868,-7.236608118247582,2.7318882340605675,0.07013307418240802,6694.676135850105,7.735413953278755
numerical_gravity_20x20,2026-02-11T03:17:00Z,EarthMJ2000Eq,3840.0,2026-02-11T04:21:00Z,1913.5646801271234,6415.5157480071475,103.58053464061761,-7.406928540133111,2.2256071009034923,0.06199220547373013,6695.618046537165,7.734323525672427
numerical_gravity_20x20,2026-02-11T03:17:00Z,EarthMJ2000Eq,3900.0,2026-02-11T04:22:00Z,1464.9255068930183,6533.597018719777,107.04838512663147,-7.541734671501355,1.708906136820001,0.05355719879820306,6696.667536956568,7.733110009131502
numerical_gravity_20x20,2026-02-11T03:17:00Z,EarthMJ2000Eq,3960.0,2026-02-11T04:23:00Z,1009.2792635657536,6620.426166040559,110.00234240495935,-7.640409573536772,1.1842903792527517,0.04486942041008843,6697.819627848521,7.731779576441048
numerical_gravity_20x20,2026-02-11T03:17:00Z,EarthMJ2000Eq,4020.0,2026-02-11T04:24:00Z,548.8078622496791,6675.604330330797,112.42850733096367,-7.7025152796497265,0.6542986068017055,0.035971257950467836,6699.0688467919945,7.730339076101299
numerical_gravity_20x20,2026-02-11T03:17:00Z,EarthMJ2000Eq,4080.0,2026-02-11T04:25:00Z,85.71408866861117,6698.885658375878,114.31555026153985,-7.727794065669847,0.12149006049358962,0.026905971283860877,6700.409242279304,7.72879582389725
numerical_gravity_20x20,2026-02-11T03:17:00Z,EarthMJ2000Eq,4140.0,2026-02-11T04:26:00Z,-377.78921936128836,6690.178141583706,115.65476408061835,-7.716168532417989,-0.4115684487225533,0.01771772286356867,6701.834397002403,7.727157260361985
numerical_gravity_20x20,2026-02-11T03:17:00Z,EarthMJ2000Eq,4200.0,2026-02-11T04:27:00Z,-839.489977244807,6649.543695282203,116.44011691466308,-7.667741062442427,-0.9423149980145322,0.00845148411919981,6703.337458176254,7.72543086071791
numerical_gravity_20x20,2026-02-11T03:17:00Z,EarthMJ2000Eq,4260.0,2026-02-11T04:28:00Z,-1297.1876128635326,6577.197492114438,116.6682899861074,-7.582792792772918,-1.4682050356279952,-0.0008473702501366823,6704.911188310501,7.723624361840019
numerical_gravity_20x20,2026-02-11T03:17:00Z,EarthMJ2000Eq,4320.0,2026-02-11T04:29:00Z,-1748.7037401281889,6473.506539239895,116.33868482447267,-7.461781707421948,-1.9867240867317852,-0.010133628081863902,6706.548022187471,7.721746016053309
numerical_gravity_20x20,2026-02-11T03:17:00Z,EarthMJ2000Eq,4380.0,2026-02-11T04:30:00Z,-2191.892683566547,6338.9874935226035,115.45339978888568,-7.3053395720684655,-2.495400381091719,-0.019362651477925867,6708.240116962968,7.719804676120661
numerical_gravity_20x20,2026-02-11T03:17:00Z,EarthMJ2000Eq,4440.0,2026-02-11T04:31:00Z,-2624.6517866960994,6174.303729010866,114.01719029391784,-7.114267823057558,-2.99181713234728,-0.028490517481482694,6709.979393348912,7.717809800790973
numerical_gravity_20x20,2026-02-11T03:17:00Z,EarthMJ2000Eq,4500.0,2026-02-11T04:32:00Z,-3044.931444446597,5980.261678501239,112.0374244994847,-6.889532460438976,-3.4736244524089788,-0.03747407487276045,6711.757566332277,7.715771423915011
numerical_gravity_20x20,2026-02-11T03:17:00Z,EarthMJ2000Eq,4560.0,2026-02-11T04:33:00Z,-3450.74479482634,5757.806476109862,109.52403191632322,-6.6322577783024235,-3.9385506515356337,-0.04627114547456799,6713.566158825051,7.713699857491752
numerical_gravity_20x20,2026-02-11T03:17:00Z,EarthMJ2000Eq,4620.0,2026-02-11T04:34:00Z,-3840.17700354797,5508.016955934366,106.48943559705101,-6.343719175574687,-4.384412303521977,-0.054840838260743596,6715.39650395514,7.711605004366472
numerical_gravity_20x20,2026-02-11T03:17:00Z,EarthMJ2000Eq,4680.0,2026-02-11T04:35:00Z,-4211.394112621576,5232.100089999195,102.94846853638101,-6.0253359907797535,-4.809122946119541,-0.063143714714056,6717.239768741863,7.709495731978014
numerical_gravity_20x20,2026-02-11T03:17:00Z,EarthMJ2000Eq,4740.0,2026-02-11T04:36:00Z,-4562.651479399156,4931.3849215399705,98.91828946824128,-5.6786650253421955,-5.210701448988857,-0.07114164230868086,6719.087035814197,7.7073800473189085
numerical_gravity_20x20,2026-02-11T03:17:00Z,EarthMJ2000Eq,4800.0,2026-02-11T04:37:00Z,-4892.301832411399,4607.31597173552,94.41831326292012,-5.305393996100176,-5.587281334451193,-0.07879751020812276,6720.929437265694,7.705266199929598
numerical_gravity_20x20,2026-02-11T03:17:00Z,EarthMJ2000Eq,4860.0,2026-02-11T04:38:00Z,-5198.802889920109,4261.446057211565,89.47015302321503,-4.907333253245118,-5.937120905959448,-0.08607518379567916,6722.7582802780935,7.703163846605595
numerical_gravity_20x20,2026-02-11T03:17:00Z,EarthMJ2000Eq,4920.0,2026-02-11T04:39:00Z,-5480.724408115621,3895.4285182483563,84.09755161002953,-4.486405112119115,-6.258612411779276,-0.09293990622558201,6724.565099445742,7.701084207895363
numerical_gravity_20x20,2026-02-11T03:17:00Z,EarthMJ2000Eq,4980.0,2026-02-11T04:40:00Z,-5736.754546497092,3511.008969276405,78.3262791934954,-4.044632095606359,-6.550288678944082,-0.09935897098357463,6726.34162937824,7.699039081042972
numerical_gravity_20x20,2026-02-11T03:17:00Z,EarthMJ2000Eq,5040.0,2026-02-11T04:41:00Z,-5965.705544302115,3110.016724000333,72.18399241497708,-3.5841259645874355,-6.810827545220636,-0.10530226201428232,6728.079755297177,7.697039648277206
numerical_gravity_20x20,2026-02-11T03:17:00Z,EarthMJ2000Eq,5100.0,2026-02-11T04:42:00Z,-6166.518778472667,2694.3559792705837,65.70007265501475,-3.107077977103647,-7.039055748069029,-0.1107423927928753,6729.77150338955,7.695096052538111
numerical_gravity_20x20,2026-02-11T03:17:00Z,EarthMJ2000Eq,5160.0,2026-02-11T04:43:00Z,-6338.269246426364,2265.996753510016,58.905466797654235,-2.615749207910842,-7.233953236617086,-0.11565452530366364,6731.409078427102,7.693217747956457
numerical_gravity_20x20,2026-02-11T03:17:00Z,EarthMJ2000Eq,5220.0,2026-02-11T04:44:00Z,-6480.169440481107,1826.9655668951202,51.83254066471805,-2.112459885585041,-7.394657267068233,-0.12001618524959734,6732.984908065469,7.691413832991491
numerical_gravity_20x20,2026-02-11T03:17:00Z,EarthMJ2000Eq,5280.0,2026-02-11T04:45:00Z,-6591.572559587772,1379.3359110915035,44.514936842988824,-1.59957814418504,-7.520465204472051,-0.1238073217170474,6734.491661850898,7.689692801662498
numerical_gravity_20x20,2026-02-11T03:17:00Z,EarthMJ2000Eq,5340.0,2026-02-11T04:46:00Z,-6671.975058287417,925.21859277674,36.987421396877146,-1.0795093420506294,-7.61083604942913,-0.12701059208775445,6735.922259956,7.688062010764941
numerical_gravity_20x20,2026-02-11T03:17:00Z,EarthMJ2000Eq,5400.0,2026-02-11T04:47:00Z,-6721.018583008027,466.75199807019584,29.285712090020443,-0.5546862467086602,-7.665391738149557,-0.12961165185130588,6737.269912492327,7.686527597808704
numerical_gravity_20x20,2026-02-11T03:17:00Z,EarthMJ2000Eq,5460.0,2026-02-11T04:48:00Z,-6738.491322476483,6.092266159414862,21.446294233097333,-0.027559096504806868,-7.683918875164738,-0.1315992596302924,6738.528204462318,7.6850951294729155
numerical_gravity_20x20,2026-02-11T03:17:00Z,EarthMJ2000Eq,5520.0,2026-02-11T04:49:00Z,-6724.328728686851,-454.5966409238035,13.506236253113048,0.49941554641651503,-7.666370261211625,-0.13296519781011995,6739.691192910863,7.683770468579941
numerical_gravity_20x20,2026-02-11T03:17:00Z,EarthMJ2000Eq,5580.0,2026-02-11T04:50:00Z,-6678.613532383678,-913.1529213481655,5.503012112913063,1.0237870182840092,-7.612864935877377,-0.1337041496902446,6740.753463511878,7.682560067475067
numerical_gravity_20x20,2026-02-11T03:17:00Z,EarthMJ2000Eq,5640.0,2026-02-11T04:51:00Z,-6601.575024599231,-1367.4268575804028,-2.525670621047192,1.5431225383907543,-7.523686195206225,-0.13381364163640155,6741.710123941598,7.681470381581526
numerical_gravity_20x20,2026-02-11T03:17:00Z,EarthMJ2000Eq,5700.0,2026-02-11T04:52:00Z,-6493.587659192424,-1815.2905781018108,-10.5420409315078,2.0550177397786658,-7.399278383422514,-0.1332940288327248,6742.556763215891,7.680506871575024
numerical_gravity_20x20,2026-02-11T03:17:00Z,EarthMJ2000Eq,5760.0,2026-02-11T04:53:00Z,-6355.1690695116085,-2254.6476251752865,-18.508432864367446,2.5571058035410124,-7.240243840912058,-0.1321484444861183,6743.289433049177,7.679673442129439
numerical_gravity_20x20,2026-02-11T03:17:00Z,EarthMJ2000Eq,5820.0,2026-02-11T04:54:00Z,-6186.97754836939,-2683.4423630475694,-26.38744945069842,3.0470664714235896,-7.0473406194739265,-0.13038270661609744,6743.904684773781,7.678972817919432
numerical_gravity_20x20,2026-02-11T03:17:00Z,EarthMJ2000Eq,5880.0,2026-02-11T04:55:00Z,-5989.8089578591425,-3099.6692546121326,-34.14212194650137,3.5226361523940963,-6.821480146107754,-0.1280052732981248,6744.3996414898465,7.67840752994319
numerical_gravity_20x20,2026-02-11T03:17:00Z,EarthMJ2000Eq,5940.0,2026-02-11T04:56:00Z,-5764.593000074677,-3501.381958413495,-41.73606985230096,3.9816189452027286,-6.5637233538552575,-0.12502731534880854,6744.772047648475,7.677980562643118
numerical_gravity_20x20,2026-02-11T03:17:00Z,EarthMJ2000Eq,6000.0,2026-02-11T04:57:00Z,-5512.388836692462,-3886.7021295878358,-49.133667560918646,4.421897013839166,-6.275274740963434,-0.12146284234634541,6745.020255590214,7.677694933874638
numerical_gravity_20x20,2026-02-11T03:17:00Z,EarthMJ2000Eq,6060.0,2026-02-11T04:58:00Z,-5234.3801427992,-4253.827828868508,-56.3002162856783,4.841438972629825,-5.957475561104272,-0.11732872747690458,6745.143170559136,7.677552501751125
numerical_gravity_20x20,2026-02-11T03:17:00Z,EarthMJ2000Eq,6120.0,2026-02-11T04:59:00Z,-4931.8697095698735,-4601.041543962034,-63.20211189419761,5.2383068050893264,-5.6117979421058015,-0.1126445450597186,6745.1402230335625,7.677553198825767
numerical_gravity_20x20,2026-02-11T03:17:00Z,EarthMJ2000Eq,6180.0,2026-02-11T05:00:00Z,-4606.273624929153,-4926.717898609799,-69.80699890739287,5.6106633711917615,-5.239840196620495,-0.10743229597902398,6745.011414170963,7.677695647078759
numerical_gravity_20x20,2026-02-11T03:17:00Z,EarthMJ2000Eq,6240.0,2026-02-11T05:01:00Z,-4259.114949172883,-5229.331071775609,-76.083908627532,5.956781740665309,-4.8433214285243595,-0.10171617697475711,6744.757398873426,7.677978727932582
numerical_gravity_20x20,2026-02-11T03:17:00Z,EarthMJ2000Eq,6300.0,2026-02-11T05:02:00Z,-3892.0168037702615,-5507.461816825399,-82.00338706150704,6.27505498948666,-4.424073405640703,-0.0955224722505497,6744.379513351052,7.678402513692781
numerical_gravity_20x20,2026-02-11T03:17:00Z,EarthMJ2000Eq,6360.0,2026-02-11T05:03:00Z,-3506.69492934577,-5759.803914362114,-87.53761891313248,6.564003686713043,-3.984030144968939,-0.08887951496513181,6743.879691551847,7.6789673891340415
numerical_gravity_20x20,2026-02-11T03:17:00Z,EarthMJ2000Eq,6420.0,2026-02-11T05:04:00Z,-3104.9498973123436,-5985.170001193188,-92.66054911571803,6.822280067995633,-3.5252180683280487,-0.0818176346287752,6743.260323120057,7.679671990441602
numerical_gravity_20x20,2026-02-11T03:17:00Z,EarthMJ2000Eq,6480.0,2026-02-11T05:05:00Z,-2688.659120812412,-6182.496887376703,-97.34800048311673,7.048671118555765,-3.0497488998136326,-0.0743690881444113,6742.524175970632,7.680511939366286
numerical_gravity_20x20,2026-02-11T03:17:00Z,EarthMJ2000Eq,6540.0,2026-02-11T05:06:00Z,-2259.768630426386,-6350.850508484508,-101.57778825364763,7.242103723721033,-2.55981412633755,-0.06656803387001439,6741.674457524895,7.681480717261786
numerical_gravity_20x20,2026-02-11T03:17:00Z,EarthMJ2000Eq,6600.0,2026-02-11T05:07:00Z,-1820.284456357582,-6489.43050614383,-105.3298346359916,7.401652395317861,-2.0576775804374825,-0.05845054675553593,6740.71495986825,7.682571943858755
numerical_gravity_20x20,2026-02-11T03:17:00Z,EarthMJ2000Eq,6660.0,2026-02-11T05:08:00Z,-1372.2635355086404,-6597.574250241068,-108.58628271910312,7.526546767827403,-1.5456642278346,-0.05005455614137109,6739.650152576572,7.683780945087592
numerical_gravity_20x20,2026-02-11T03:17:00Z,EarthMJ2000Eq,6720.0,2026-02-11T05:09:00Z,-917.8042573629709,-6674.760109929206,-111.33160087829889,7.616175827284059,-1.0261468800941587,-0.041419578706844394,6738.485134307997,7.68510424347863
numerical_gravity_20x20,2026-02-11T03:17:00Z,EarthMJ2000Eq,6780.0,2026-02-11T05:10:00Z,-459.0368644808029,-6720.609952046842,-113.55266508281167,7.670088815487939,-0.5015342262517322,-0.03258626959343286,6737.225480733953,7.686537639440864
numerical_gravity_20x20,2026-02-11T03:17:00Z,EarthMJ2000Eq,6840.0,2026-02-11T05:11:00Z,1.8861653901818727,-6734.891005745112,-115.23881339881619,7.687995450839927,0.02573836692467102,-0.023595983390888274,6735.877107029184,7.688074745090578
numerical_gravity_20x20,2026-02-11T03:17:00Z,EarthMJ2000Eq,6900.0,2026-02-11T05:12:00Z,462.79979183338077,-6717.517222611285,-116.38187960403977,7.66976771045057,0.5532169134644389,-0.014490537341203648,6734.446230040034,7.689707124545494
numerical_gravity_20x20,2026-02-11T03:17:00Z,EarthMJ2000Eq,6960.0,2026-02-11T05:13:00Z,921.5362369526733,-6668.550122461667,-116.97621946535064,7.615442885273152,1.0784382170067524,-0.005312186254817643,6732.939418093766,7.691425586071869
numerical_gravity_20x20,2026-02-11T03:17:00Z,EarthMJ2000Eq,7020.0,2026-02-11T05:14:00Z,1375.9349844986973,-6588.19900866246,-117.01873772822009,7.525225996169863,1.5989414152799024,0.0038963645729103557,6731.363654140813,7.693221374988822
numerical_gravity_20x20,2026-02-11T03:17:00Z,EarthMJ2000Eq,7080.0,2026-02-11T05:15:00Z,1823.8528685384547,-6476.82045164191,-116.50891232036585,7.399490277354713,2.112280575361301,0.013092083383242768,6729.72635220281,7.695086548984547
numerical_gravity_20x20,2026-02-11T03:17:00Z,EarthMJ2000Eq,7140.0,2026-02-11T05:16:00Z,2263.174134582528,-6334.917019282812,-115.44880621929471,7.238775886502382,2.616037054911028,0.022231886000671025,6728.035317349327,7.697013736796308
numerical_gravity_20x20,2026-02-11T03:17:00Z,EarthMJ2000Eq,7200.0,2026-02-11T05:17:00Z,2691.820387953253,-6163.13528456519,-113.84306136766976,7.0437875301037325,3.107831235447037,0.031272936291717526,6726.298668619675,7.69899576268291
numerical_gravity_20x20,2026-02-11T03:17:00Z,EarthMJ2000Eq,7260.0,2026-02-11T05:18:00Z,3107.760375750169,-5962.263145443141,-111.69887660961422,6.815391303607677,3.585333725723838,0.0401728702229571,6724.5247421381555,7.701025282753321
numerical_gravity_20x20,2026-02-11T03:17:00Z,EarthMJ2000Eq,7320.0,2026-02-11T05:19:00Z,3509.0195570423693,-5733.226489993921,-109.02597454104438,6.554610818136773,4.046275947086859,0.0488899493350713,6722.721985951707,7.703094329187152
numerical_gravity_20x20,2026-02-11T03:17:00Z,EarthMJ2000Eq,7380.0,2026-02-11T05:20:00Z,3893.6894268761375,-5477.085249182888,-105.83656010275386,6.262622948546461,4.488459965743877,0.057383185784644186,6720.898865273765,7.70519382558006
numerical_gravity_20x20,2026-02-11T03:17:00Z,EarthMJ2000Eq,7440.0,2026-02-11T05:21:00Z,4259.936585415426,-5195.028875785548,-102.14527286018875,5.940753638823158,4.90976788631244,0.06561241897301244,6719.063802999207,7.70731337653913
numerical_gravity_20x20,2026-02-11T03:17:00Z,EarthMJ2000Eq,7500.0,2026-02-11T05:22:00Z,4606.0115582529825,-4888.371255856469,-97.96913723937001,5.590473743481513,5.308171485718804,0.07353830781433535,6717.225168303892,7.709441554423418
numerical_gravity_20x20,2026-02-11T03:17:00Z,EarthMJ2000Eq,7560.0,2026-02-11T05:23:00Z,4930.2573543212,-4558.545022703284,-93.32751391726437,5.213394313270099,5.681742517212799,0.08112233028974569,6715.391301235181,7.711566580793573
numerical_gravity_20x20,2026-02-11T03:17:00Z,EarthMJ2000Eq,7620.0,2026-02-11T05:24:00Z,5231.117706040847,-4207.095236178197,-88.24204542256012,4.811260620385705,6.028663475985692,0.08832701586429945,6713.57054325846,7.713677056092614
numerical_gravity_20x20,2026-02-11T03:17:00Z,EarthMJ2000Eq,7680.0,2026-02-11T05:25:00Z,5507.144903519577,-3835.672418983201,-82.73657690700217,4.385944592066238,6.3472381312460255,0.09511653761559055,6711.771244259475,7.715762374201696
numerical_gravity_20x20,2026-02-11T03:17:00Z,EarthMJ2000Eq,7740.0,2026-02-11T05:26:00Z,5757.007131398589,-3446.024987532322,-76.83703494432577,3.9394358829267038,6.635901069614823,0.1014574543926835,6710.00173290666,7.717812623824026
numerical_gravity_20x20,2026-02-11T03:17:00Z,EarthMJ2000Eq,7800.0,2026-02-11T05:27:00Z,5979.495245798892,-3039.99115029877,-70.57126865076299,3.473832274099388,6.893225900165953,0.10731914851849228,6708.270260833665,7.719818092347253
numerical_gravity_20x20,2026-02-11T03:17:00Z,EarthMJ2000Eq,7860.0,2026-02-11T05:28:00Z,6173.528973307597,-2619.490346420879,-63.96888185756902,2.991330084620353,7.117932496225382,0.11267367667829739,6706.5849489219645,7.72176884226615
numerical_gravity_20x20,2026-02-11T03:17:00Z,EarthMJ2000Eq,7920.0,2026-02-11T05:29:00Z,6338.162537264476,-2186.5142575369423,-57.06108782777508,2.4942145847200807,7.30889411218414,0.117495242817737,6704.953759343854,7.723654877701045
numerical_gravity_20x20,2026-02-11T03:17:00Z,EarthMJ2000Eq,7980.0,2026-02-11T05:30:00Z,6472.589688219658,-1743.1173850494633,-49.8805935363891,1.9848495408630367,7.465144711695344,0.12175983075485272,6703.384485744546,7.725466893515408
numerical_gravity_20x20,2026-02-11T03:17:00Z,EarthMJ2000Eq,8040.0,2026-02-11T05:31:00Z,6576.148059341564,-1291.407200518467,-42.46149103813838,1.465665127760848,7.585885636776024,0.1254453563931377,6701.884722535441,7.727196884926617
numerical_gravity_20x20,2026-02-11T03:17:00Z,EarthMJ2000Eq,8100.0,2026-02-11T05:32:00Z,6648.322757575313,-833.5339507120013,-34.83912619561131,0.9391447625744282,7.670490280055358,0.1285322122331534,6700.461782638376,7.728837852554305
numerical_gravity_20x20,2026-02-11T03:17:00Z,EarthMJ2000Eq,8160.0,2026-02-11T05:33:00Z,6688.749172777294,-371.6802505910745,-27.049933152979918,0.4078124695534584,7.7185066171019905,0.13100379939445483,6699.12258462942,7.730382746282766
numerical_gravity_20x20,2026-02-11T03:17:00Z,EarthMJ2000Eq,8220.0,2026-02-11T05:34:00Z,6697.215069840984,91.94944672549133,-19.13124401080868,-0.1257784126238891,7.729659091976772,0.13284681347489063,6697.87357278082,7.731823728145372
numerical_gravity_20x20,2026-02-11T03:17:00Z,EarthMJ2000Eq,8280.0,2026-02-11T05:35:00Z,6673.662018738524,555.1395129646728,-11.121086922554777,-0.6590563287235875,7.70385126700727,0.13405137701698905,6696.720712242832,7.733152614573197
numerical_gravity_20x20,2026-02-11T03:17:00Z,EarthMJ2000Eq,8340.0,2026-02-11T05:36:00Z,6618.186117091993,1015.6739816976676,-3.057976587630824,-1.1894442077918814,7.6411687074691885,0.1346111716233015,6695.669531031799,7.7343620879153185
numerical_gravity_20x20,2026-02-11T03:17:00Z,EarthMJ2000Eq,8400.0,2026-02-11T05:37:00Z,6531.037893177185,1471.347517316711,5.019302120199958,-1.7143739036821828,7.541880187725952,0.1345235045012106,6694.725137914484,7.735446413808515
numerical_gravity_20x20,2026-02-11T03:17:00Z,EarthMJ2000Eq,8460.0,2026-02-11T05:38:00Z,6412.621332650037,1919.976377810998,13.071907703011465,-2.231300614206599,7.406436312608198,0.13378912583969438,6693.892180344824,7.736401024628508
numerical_gravity_20x20,2026-02-11T03:17:00Z,EarthMJ2000Eq,8520.0,2026-02-11T05:39:00Z,6263.492081138775,2359.4092424294363,21.061137024283568,-2.737715851777597,7.235466690534867,0.13241182695777834,6693.174776983067,7.737221672333823
numerical_gravity_20x20,2026-02-11T03:17:00Z,EarthMJ2000Eq,8580.0,2026-02-11T05:40:00Z,6084.354902051747,2787.5378662773323,28.94859736022204,-3.2311595404891658,7.029777129612527,0.130398142125964,6692.576480798723,7.737904247507034
numerical_gravity_20x20,2026-02-11T03:17:00Z,EarthMJ2000Eq,8640.0,2026-02-11T05:41:00Z,5876.060397038301,3202.307567213504,36.69637143954758,-3.7092326737094523,6.790346663333263,0.12775743171598727,6692.1002808050935,7.73844537341407
numerical_gravity_20x20,2026-02-11T03:17:00Z,EarthMJ2000Eq,8700.0,2026-02-11T05:42:00Z,5639.600943099671,3601.727494719833,44.26719697521647,-4.169610618613169,6.518323052537321,0.1245022254503653,6691.748600206043,7.738842867782834
numerical_gravity_20x20,2026-02-11T03:17:00Z,EarthMJ2000Eq,8760.0,2026-02-11T05:43:00Z,5376.105845230023,3983.8805687220142,51.62466409085438,-4.610055714234957,6.215016370356717,0.12064840400633994,6691.5232608801225,7.73909543871515
numerical_gravity_20x20,2026-02-11T03:17:00Z,EarthMJ2000Eq,8820.0,2026-02-11T05:44:00Z,5086.835778412048,4346.933002593868,58.73341138385,-5.028428372501058,5.881891795290603,0.11621496723428078,6691.425437019039,7.739202084678356
numerical_gravity_20x20,2026-02-11T03:17:00Z,EarthMJ2000Eq,8880.0,2026-02-11T05:45:00Z,4773.176590855702,4689.143396476273,65.55929984501908,-5.422697487397392,5.520562524706355,0.11122359469939377,6691.455639993892,7.739162055225104
numerical_gravity_20x20,2026-02-11T03:17:00Z,EarthMJ2000Eq,8940.0,2026-02-11T05:46:00Z,4436.632475716362,5008.871396649825,72.06956490479291,-5.790951144574056,5.132782190652464,0.10569841527900672,6691.613737727502,7.738975405731379
numerical_gravity_20x20,2026-02-11T03:17:00Z,EarthMJ2000Eq,9000.0,2026-02-11T05:47:00Z,4078.818498403515,5304.585855615603,78.2329655852434,-6.131407196513806,4.720435693492993,0.09966612397737178,6691.89897110081,7.73864333602038
numerical_gravity_20x20,2026-02-11T03:17:00Z,EarthMJ2000Eq,9060.0,2026-02-11T05:48:00Z,3701.452525597985,5574.872395666248,84.01994444499832,-6.442422463059186,4.285528651182757,0.09315615403149437,6692.309943381416,7.738167811676859
numerical_gravity_20x20,2026-02-11T03:17:00Z,EarthMJ2000Eq,9120.0,2026-02-11T05:49:00Z,3306.346652977638,5818.440329200898,89.40278973740843,-6.722500342432325,3.8301767055582063,0.08620053876158011,6692.844605467896,7.737550968018643
numerical_gravity_20x20,2026-02-11T03:17:00Z,EarthMJ2000Eq,9180.0,2026-02-11T05:50:00Z,2895.398198661482,6034.128949152452,94.35577858682421,-6.9702978768472565,3.3565951661099187,0.07883345338997157,6693.500273904869,7.736795093222208
numerical_gravity_20x20,2026-02-11T03:17:00Z,EarthMJ2000Eq,9240.0,2026-02-11T05:51:00Z,2470.5802692016096,6220.913187588952,98.85529134714992,-7.184632925346166,2.867088102779801,0.0710907797428481,6694.273681491799,7.735903202602404
numerical_gravity_20x20,2026-02-11T03:17:00Z,EarthMJ2000Eq,9300.0,2026-02-11T05:52:00Z,2033.9319078222309,6377.908579906207,102.87990846845017,-7.364490712552498,2.364036070336314,0.06300997774680395,6695.161023818999,7.734879459592038
numerical_gravity_20x20,2026-02-11T03:17:00Z,EarthMJ2000Eq,9360.0,2026-02-11T05:53:00Z,1587.547896350362,6504.375461076271,106.41050744987142,-7.509028721999368,1.8498829685934481,0.0546301701183379,6696.157977374291,7.73372897125253
numerical_gravity_20x20,2026-02-11T03:17:00Z,EarthMJ2000Eq,9420.0,2026-02-11T05:54:00Z,1133.5683142314285,6599.722375833974,109.43036293712623,-7.617580020287845,1.3271231160266304,0.04599210958100397,6697.259705689012,7.7324573328744926
numerical_gravity_20x20,2026-02-11T03:17:00Z,EarthMJ2000Eq,9480.0,2026-02-11T05:55:00Z,674.167922973189,6663.508727218022,111.92523634859508,-7.6896558834394195,0.7982887115522677,0.037137865684724956,6698.460883263289,7.731070539955891
numerical_gravity_20x20,2026-02-11T03:17:00Z,EarthMJ2000Eq,9540.0,2026-02-11T05:56:00Z,211.54540458620573,6695.4466668190325,113.8834421640232,-7.7249479852288045,0.2659369712934756,0.028110409986271657,6699.755739190703,7.729575282144609
numerical_gravity_20x20,2026-02-11T03:17:00Z,EarthMJ2000Eq,9600.0,2026-02-11T05:57:00Z,-252.08750282031212,6695.402193333711,115.2958934946345,-7.723329506134292,-0.2673633593784459,0.018953372180844273,6701.138096072396,7.727979105599323
numerical_gravity_20x20,2026-02-11T03:17:00Z,EarthMJ2000Eq,9660.0,2026-02-11T05:58:00Z,-714.5168901629479,6663.395437531288,116.15613958418061,-7.68485471415483,-0.799045494580088,0.009710990592230129,6702.601389908549,7.726290182449448
numerical_gravity_20x20,2026-02-11T03:17:00Z,EarthMJ2000Eq,9720.0,2026-02-11T05:59:00Z,-1173.5375001300806,6599.600155089031,116.46040041352622,-7.609757418924495,-1.326557483218214,0.0004280184709436266,6704.138684135883,7.724517002011093
numerical_gravity_20x20,2026-02-11T03:17:00Z,EarthMJ2000Eq,9780.0,2026-02-11T06:00:00Z,-1626.9634382299246,6504.342462441757,116.207589137761,-7.498448836730339,-1.8473746515349352,-0.008850595360057811,6705.742695767042,7.722668346707285
numerical_gravity_20x20,2026-02-11T03:17:00Z,EarthMJ2000Eq,9840.0,2026-02-11T06:01:00Z,-2072.6387362183386,6378.0988269980235,115.39931080874237,-7.35151472669763,-2.359012052345282,-0.018080135088809048,6707.405830778502,7.720753430284331
numerical_gravity_20x20,2026-02-11T03:17:00Z,EarthMJ2000Eq,9900.0,2026-02-11T06:02:00Z,-2508.447709843568,6221.493312594023,114.03983911162497,-7.169711351849192,-2.8590367545408357,-0.02721638293100007,6709.1202133048855,7.718781818664809
numerical_gravity_20x20,2026-02-11T03:17:00Z,EarthMJ2000Eq,9960.0,2026-02-11T06:03:00Z,-2932.325039693431,6035.294107039109,112.13608503964838,-6.953960366404155,-3.345079405674334,-0.03621563752841141,6710.877707009873,7.716763089546546
numerical_gravity_20x20,2026-02-11T03:17:00Z,EarthMJ2000Eq,10020.0,2026-02-11T06:04:00Z,-3342.2655277501904,5820.409382258878,109.69756672796647,-6.705343211207885,-3.8148449616998827,-0.04503471025127712,6712.669945053195,7.714706591117129
numerical_gravity_20x20,2026-02-11T03:17:00Z,EarthMJ2000Eq,10080.0,2026-02-11T06:05:00Z,-3736.3335105736232,5577.8825243537,106.73637287595248,-6.425095251657534,-4.266123048045522,-0.053631171554922016,6714.48838043678,7.712621548896313
numerical_gravity_20x20,2026-02-11T03:17:00Z,EarthMJ2000Eq,10140.0,2026-02-11T06:06:00Z,-4112.671904591779,5308.886744432327,103.26710307774135,-6.114599294485979,-4.6967982361266944,-0.06196384457250237,6716.324348526203,7.710517344578473
numerical_gravity_20x20,2026-02-11T03:17:00Z,EarthMJ2000Eq,10200.0,2026-02-11T06:07:00Z,-4469.510834369059,5014.719081302177,99.3067777630181,-5.7753781538388145,-5.104859966198542,-0.06999327094305408,6718.169125515391,7.708403670820083
numerical_gravity_20x20,2026-02-11T03:17:00Z,EarthMJ2000Eq,10260.0,2026-02-11T06:08:00Z,-4805.175788546625,4696.79382861318,94.87472741492634,-5.409086385069593,-5.488411780239118,-0.07768191916873068,6720.013976267876,7.706290538980379
numerical_gravity_20x20,2026-02-11T03:17:00Z,EarthMJ2000Eq,10320.0,2026-02-11T06:09:00Z,-5118.095260126023,4356.635429701875,89.99247616661575,-5.017501369748145,-5.845679842924529,-0.08499419816807632,6721.850192084372,7.704188265814958
numerical_gravity_20x20,2026-02-11T03:17:00Z,EarthMJ2000Eq,10380.0,2026-02-11T06:10:00Z,-5406.807830892691,3995.8708835241623,84.68362423834964,-4.60251368567552,-6.17502067055385,-0.091896521204185,6723.669113974366,7.702107340150954
numerical_gravity_20x20,2026-02-11T03:17:00Z,EarthMJ2000Eq,10440.0,2026-02-11T06:11:00Z,-5669.968658580934,3616.2217212969335,78.97372158429975,-4.1661169053121485,-6.474927629147694,-0.09835752864761378,6725.46213843857,7.700057926721689
numerical_gravity_20x20,2026-02-11T03:17:00Z,EarthMJ2000Eq,10500.0,2026-02-11T06:12:00Z,-5906.355352808253,3219.495636890626,72.89012712577279,-3.7103975806956053,-6.744036021927679,-0.10434830115091105,6727.2207248043305,7.698049145065456
numerical_gravity_20x20,2026-02-11T03:17:00Z,EarthMJ2000Eq,10560.0,2026-02-11T06:13:00Z,-6114.8732746639,2807.5778364720536,66.46186189183916,-3.2375260800348338,-6.981127570476727,-0.109842321470007,6728.936442866288,7.696088786504605
numerical_gravity_20x20,2026-02-11T03:17:00Z,EarthMJ2000Eq,10620.0,2026-02-11T06:14:00Z,-6294.5603019740865,2382.422105763915,59.719473020455816,-2.7497477293452572,-7.185135497979127,-0.11481517789023707,6730.601080191762,7.694183986910706
numerical_gravity_20x20,2026-02-11T03:17:00Z,EarthMJ2000Eq,10680.0,2026-02-11T06:15:00Z,-6444.591033876268,1946.0415476399173,52.694916559199534,-2.24937272613001,-7.355150297390098,-0.11924429563634781,6732.206774400971,7.6923424754945104
numerical_gravity_20x20,2026-02-11T03:17:00Z,EarthMJ2000Eq,10740.0,2026-02-11T06:16:00Z,-6564.280328719422,1500.4989884085562,45.42144711094569,-1.7387640210176476,-7.4904246830710415,-0.12310901374597735,6733.746101248956,7.690573326014835
numerical_gravity_20x20,2026-02-11T03:17:00Z,EarthMJ2000Eq,10800.0,2026-02-11T06:17:00Z,-6653.08607655641,1047.8971541911271,37.93349061950011,-1.2203242334739552,-7.590376146257956,-0.12639104522304873,6735.212078141356,7.68888652360003
numerical_gravity_20x20,2026-02-11T03:17:00Z,EarthMJ2000Eq,10860.0,2026-02-11T06:18:00Z,-6710.611206731091,590.3687685709831,30.26648475632872,-0.6964835113389564,-7.654587205515601,-0.12907503219897754,6736.59811113209,7.687291781397877
numerical_gravity_20x20,2026-02-11T03:17:00Z,EarthMJ2000Eq,10920.0,2026-02-11T06:19:00Z,-6736.605018313027,130.06666603335702,22.456692497953348,-0.16968905289257208,-7.682804922404471,-0.13114883704379185,6737.897952136946,7.685797672841244
numerical_gravity_20x20,2026-02-11T03:17:00Z,EarthMJ2000Eq,10980.0,2026-02-11T06:20:00Z,-6730.963908630904,-330.84607690732435,14.54101010636567,0.35760473344000865,-7.674940868644169,-0.13260344593969778,6739.105705275122,7.684411633719155
numerical_gravity_20x20,2026-02-11T03:17:00Z,EarthMJ2000Eq,11040.0,2026-02-11T06:21:00Z,-6693.731496311029,-790.2060161260853,6.556788293017938,0.8829466988244323,-7.6310711695445175,-0.1334326766381206,6740.215863316313,7.683140396140976
numerical_gravity_20x20,2026-02-11T03:17:00Z,EarthMJ2000Eq,11100.0,2026-02-11T06:22:00Z,-6625.098094510323,-1245.8591908776143,-1.4583311340230125,1.403900012296785,-7.5514355316884405,-0.13363300021727,6741.223332015356,7.681990081516681
numerical_gravity_20x20,2026-02-11T03:17:00Z,EarthMJ2000Eq,11160.0,2026-02-11T06:23:00Z,-6525.3995295364475,-1695.6708766747506,-9.466575855011088,1.9180527405055021,-7.436435020986625,-0.13320362991363247,6742.123430947837,7.680965781966432
numerical_gravity_20x20,2026-02-11T03:17:00Z,EarthMJ2000Eq,11220.0,2026-02-11T06:24:00Z,-6395.115356103831,-2137.53518828049,-17.430214766958276,2.423027398492623,-7.286629473066011,-0.13214676806938885,6742.911901500654,7.680071198882948
numerical_gravity_20x20,2026-02-11T03:17:00Z,EarthMJ2000Eq,11280.0,2026-02-11T06:25:00Z,-6234.866514726465,-2569.3845378195965,-25.311743329640503,2.916490192218716,-7.102735293824523,-0.13046777605954515,6743.584954903004,7.679308923076245
numerical_gravity_20x20,2026-02-11T03:17:00Z,EarthMJ2000Eq,11340.0,2026-02-11T06:26:00Z,-6045.41241491706,-2989.198964984328,-33.07407287654895,3.396161047526875,-6.885623223927625,-0.12817513029408836,6744.139353022989,7.678681260910378
numerical_gravity_20x20,2026-02-11T03:17:00Z,EarthMJ2000Eq,11400.0,2026-02-11T06:27:00Z,-5827.647386767119,-3395.015301760835,-40.68071191773375,3.859824533920301,-6.636314862630176,-0.12528022212714862,6744.5724759992,7.67819090168221
numerical_gravity_20x20,2026-02-11T03:17:00Z,EarthMJ2000Eq,11460.0,2026-02-11T06:28:00Z,-5582.596476374359,-3784.936071882419,-48.0959346054966,4.305340571072195,-6.35597729888416,-0.12179715358324382,6744.882334421387,7.677840803472811
numerical_gravity_20x20,2026-02-11T03:17:00Z,EarthMJ2000Eq,11520.0,2026-02-11T06:29:00Z,-5311.410638443969,-4157.138024810328,-55.28493917475122,4.7306536747133325,-6.045916503223769,-0.11774260961626301,6745.067527608545,7.677633351245131
numerical_gravity_20x20,2026-02-11T03:17:00Z,EarthMJ2000Eq,11580.0,2026-02-11T06:30:00Z,-5015.361425120325,-4509.880270606524,-62.21400019558082,5.133800602311288,-5.707570849888883,-0.11313576662047425,6745.127193879393,7.67756949382302
numerical_gravity_20x20,2026-02-11T03:17:00Z,EarthMJ2000Eq,11640.0,2026-02-11T06:31:00Z,-4695.835237883968,-4841.512052263014,-68.8506146735659,5.512917518501804,-5.342505523604519,-0.10799817332521208,6745.061003482603,7.67764862708567
numerical_gravity_20x20,2026-02-11T03:17:00Z,EarthMJ2000Eq,11700.0,2026-02-11T06:32:00Z,-4354.32712994493,-5150.480195912505,-75.1636403980969,5.866247957650195,-4.9524071583037195,-0.10235362263148957,6744.869203765131,7.677869367625291
numerical_gravity_20x20,2026-02-11T03:17:00Z,EarthMJ2000Eq,11760.0,2026-02-11T06:33:00Z,-3992.4341010472053,-5435.336209106855,-81.12342835019224,6.192151652184133,-4.539077231727592,-0.09622809401345651,6744.552673666355,7.678230528273554
numerical_gravity_20x20,2026-02-11T03:17:00Z,EarthMJ2000Eq,11820.0,2026-02-11T06:34:00Z,-3611.847869094044,-5694.7429226889535,-86.70195462265266,6.489112846219744,-4.104423470917503,-0.0896497881879916,6744.112930099147,7.678731317354107
numerical_gravity_20x20,2026-02-11T03:17:00Z,EarthMJ2000Eq,11880.0,2026-02-11T06:35:00Z,-3214.347197908721,-5927.480577941645,-91.87295497114064,6.755746632346571,-3.6504502480613508,-0.08264915643181962,6743.552072197129,7.679370446663717
numerical_gravity_20x20,2026-02-11T03:17:00Z,EarthMJ2000Eq,11940.0,2026-02-11T06:36:00Z,-2801.789904870315,-6132.4523544291515,-96.6120574815412,6.990803494895205,-3.1792498084432808,-0.07525879143139269,6742.872714209253,7.680144968320154
numerical_gravity_20x20,2026-02-11T03:17:00Z,EarthMJ2000Eq,12000.0,2026-02-11T06:37:00Z,-2376.1046042648204,-6308.68941720552,-100.89690340967115,7.193173940715265,-2.6929949247987492,-0.06751315033359306,6742.077976283504,7.681050125591224
numerical_gravity_20x20,2026-02-11T03:17:00Z,EarthMJ2000Eq,12060.0,2026-02-11T06:38:00Z,-1939.2821277611142,-6455.355529079729,-104.70724887871425,7.361894709893904,-2.1939313361765547,-0.05944821894817746,6741.171544015303,7.682080611276961
numerical_gravity_20x20,2026-02-11T03:17:00Z,EarthMJ2000Eq,12120.0,2026-02-11T06:39:00Z,-1493.3665414727207,-6571.751144282242,-108.02504828940862,7.496155639973467,-1.684367769660997,-0.05110125555834984,6740.157723720053,7.683232099871669
numerical_gravity_20x20,2026-02-11T03:17:00Z,EarthMJ2000Eq,12180.0,2026-02-11T06:40:00Z,-1040.4457985885115,-6657.31682292144,-110.83452612444076,7.595304508766662,-1.1666635461096262,-0.04251065670614621,6739.041403102858,7.684501386989651
numerical_gravity_20x20,2026-02-11T03:17:00Z,EarthMJ2000Eq,12240.0,2026-02-11T06:41:00Z,-582.6422045867381,-6711.635893345337,-113.12224298022043,7.65884846820687,-0.6432164610033144,-0.03371588531806347,6737.8279100362915,7.68588472692527
numerical_gravity_20x20,2026-02-11T03:17:00Z,EarthMJ2000Eq,12300.0,2026-02-11T06:42:00Z,-122.10286013280836,-6734.43646567108,-114.877157449618,7.686453884470934,-0.11645348733103716,-0.02475739899839591,6736.522870139811,7.68737586316781
numerical_gravity_20x20,2026-02-11T03:17:00Z,EarthMJ2000Eq,12360.0,2026-02-11T06:43:00Z,339.0099219129616,-6725.592964568852,-116.09068364479609,7.677947809367906,0.41117637897428716,-0.015676581314356022,6735.132181259889,7.688965751855417
numerical_gravity_20x20,2026-02-11T03:17:00Z,EarthMJ2000Eq,12420.0,2026-02-11T06:44:00Z,798.5283699794044,-6685.127212639585,-116.75674530647711,7.633322024616963,0.937210564552394,-0.006515696081330717,6733.662119858022,7.69064439615475
numerical_gravity_20x20,2026-02-11T03:17:00Z,EarthMJ2000Eq,12480.0,2026-02-11T06:45:00Z,1254.2892683611076,-6613.20889914682,-116.87182682660556,7.552737082282317,1.4591850775499284,0.0026821858658045124,6732.119468368511,7.69240311728057
numerical_gravity_20x20,2026-02-11T03:17:00Z,EarthMJ2000Eq,12540.0,2026-02-11T06:46:00Z,1704.1441270189953,-6510.155232026504,-116.43501623696046,7.436523054272854,1.9746490534263077,0.011873399288027331,6730.511530615001,7.694235179570464
numerical_gravity_20x20,2026-02-11T03:17:00Z,EarthMJ2000Eq,12600.0,2026-02-11T06:47:00Z,2145.9692775986396,-6376.429735951576,-115.44802963823814,7.285176572694796,2.4811780975910684,0.02101408664763259,6728.846005480587,7.696134356879717
numerical_gravity_20x20,2026-02-11T03:17:00Z,EarthMJ2000Eq,12660.0,2026-02-11T06:48:00Z,2577.6757438053246,-6212.640344108095,-113.91520814232517,7.0993568238532445,2.976384447230668,0.030060681798545704,6727.130811875742,7.6980929673977325
numerical_gravity_20x20,2026-02-11T03:17:00Z,EarthMJ2000Eq,12720.0,2026-02-11T06:49:00Z,2997.218910878719,-6019.536947302811,-111.84348839199194,6.879883104195158,3.457925347651211,0.03897027564947164,6725.3739840672315,7.700101162952532
numerical_gravity_20x20,2026-02-11T03:17:00Z,EarthMJ2000Eq,12780.0,2026-02-11T06:50:00Z,3402.6081008119004,-5798.008423228686,-109.24235786165379,6.627733873971478,3.9235123947551886,0.04770075604331988,6723.583676603775,7.702147828892515
numerical_gravity_20x20,2026-02-11T03:17:00Z,EarthMJ2000Eq,12840.0,2026-02-11T06:51:00Z,3791.916084523487,-5549.079041598024,-106.12380671644334,6.3440452209759295,4.370922968991899,0.05621081193712263,6721.768224531575,7.704222025748422
numerical_gravity_20x20,2026-02-11T03:17:00Z,EarthMJ2000Eq,12900.0,2026-02-11T06:52:00Z,4163.288439859364,-5273.9041445474,-102.5022786137994,6.030107135432782,4.798012671670608,0.06445999415948762,6719.936180981325,7.706313823946966
numerical_gravity_20x20,2026-02-11T03:17:00Z,EarthMJ2000Eq,12960.0,2026-02-11T06:53:00Z,4514.952619864846,-4973.765091700408,-98.39461324528929,5.6873577117533385,5.202727204683832,0.07240893104653069,6718.096296344501,7.708414309123032
numerical_gravity_20x20,2026-02-11T03:17:00Z,EarthMJ2000Eq,13020.0,2026-02-11T06:54:00Z,4845.226634433708,-4650.0635260160825,-93.8199728495108,5.31737620125602,5.583113128740717,0.08001962417580519,6716.257449079539,7.710515223657501
numerical_gravity_20x20,2026-02-11T03:17:00Z,EarthMJ2000Eq,13080.0,2026-02-11T06:55:00Z,5152.527295229663,-4304.315023456829,-88.79975204918426,4.921875434951265,5.937327684497814,0.0872556910401939,6714.428549415569,7.712608597997164
numerical_gravity_20x20,2026-02-11T03:17:00Z,EarthMJ2000Eq,13140.0,2026-02-11T06:56:00Z,5435.377989424053,-3938.1421788724892,-83.35747603577258,4.502693710097646,6.263647747744298,0.09408251488158241,6712.618429327044,7.714686336746399
numerical_gravity_20x20,2026-02-11T03:17:00Z,EarthMJ2000Eq,13200.0,2026-02-11T06:57:00Z,5692.415956178652,-3553.267183524953,-77.51869126122274,4.061786398293624,6.560477817719787,0.100467354700808,6710.835733585462,7.716739702200473
numerical_gravity_20x20,2026-02-11T03:17:00Z,EarthMJ2000Eq,13260.0,2026-02-11T06:58:00Z,5922.399062062198,-3151.503947451461,-71.31084997854536,3.6012176868655827,6.826357286612306,0.10637943567590946,6709.0888366783465,7.718758916886389
numerical_gravity_20x20,2026-02-11T03:17:00Z,EarthMJ2000Eq,13320.0,2026-02-11T06:59:00Z,6124.212086749797,-2734.7497913796856,-64.7631912861049,3.123152458458063,7.059967630143442,0.11178996520523407,6707.385807890366,7.720733204415655
numerical_gravity_20x20,2026-02-11T03:17:00Z,EarthMJ2000Eq,13380.0,2026-02-11T07:00:00Z,6296.872511735599,-2304.976696936344,-57.90662378705411,2.629847714358691,7.260139966455971,0.11667207756599356,6705.734425068546,7.7226513392055
numerical_gravity_20x20,2026-02-11T03:17:00Z,EarthMJ2000Eq,13440.0,2026-02-11T07:01:00Z,6439.535761668684,-1864.2220955599382,-50.77360958885666,2.1236428037208994,7.42586278551336,0.12100088677731521,6704.142212603671,7.724502448809806
numerical_gravity_20x20,2026-02-11T03:17:00Z,EarthMJ2000Eq,13500.0,2026-02-11T07:02:00Z,6551.4998138532155,-1414.5792060507779,-43.3980358905857,1.6069481295124652,7.55628912161965,0.12475387209440851,6702.616469008884,7.726276665319047
numerical_gravity_20x20,2026-02-11T03:17:00Z,EarthMJ2000Eq,13560.0,2026-02-11T07:03:00Z,6632.209090325181,-958.1869793243893,-35.81505334223142,1.0822326286463093,7.650742358824071,0.1279115606233437,6701.164258782548,7.727965286603759
numerical_gravity_20x20,2026-02-11T03:17:00Z,EarthMJ2000Eq,13620.0,2026-02-11T07:04:00Z,6681.257581304903,-497.21974749487083,-28.060873912533356,0.55201082696264,7.708720274165787,0.13045810925429774,6699.792366759424,7.729560371501657
numerical_gravity_20x20,2026-02-11T03:17:00Z,EarthMJ2000Eq,13680.0,2026-02-11T07:05:00Z,6698.391200733531,-33.87667574491121,-20.172548611855866,0.01883028393352859,7.729897697796254,0.13238134390319833,6698.507239597598,7.731054120765322
numerical_gravity_20x20,2026-02-11T03:17:00Z,EarthMJ2000Eq,13740.0,2026-02-11T07:06:00Z,6683.509405064101,429.6289272341602,-12.187761297333285,-0.5147404861791955,7.714128724274227,0.13367222716499155,6697.314948859887,7.732438684341439
numerical_gravity_20x20,2026-02-11T03:17:00Z,EarthMJ2000Eq,13800.0,2026-02-11T07:07:00Z,6636.6660810432295,891.0804334202562,-4.144660632974066,-1.0461244959681686,7.661448975098066,0.13432422013774084,6696.221187229847,7.733706734497467
numerical_gravity_20x20,2026-02-11T03:17:00Z,EarthMJ2000Eq,13860.0,2026-02-11T07:08:00Z,6558.0696479250855,1348.2688408209806,3.918280538574196,-1.572750053848581,7.572077149975571,0.13433307025767066,6695.231267632761,7.734852323789235
numerical_gravity_20x20,2026-02-11T03:17:00Z,EarthMJ2000Eq,13920.0,2026-02-11T07:09:00Z,6448.082302195247,1799.0037548119774,11.962409959291271,-2.092065361299953,7.446414486418414,0.13369713354895973,6694.350079355217,7.73587106297748
numerical_gravity_20x20,2026-02-11T03:17:00Z,EarthMJ2000Eq,13980.0,2026-02-11T07:10:00Z,6307.218403203922,2241.124262981332,19.949068105532177,-2.6015522586009205,7.285041871460357,0.13241789040286503,6693.581994205802,7.736759251835417
numerical_gravity_20x20,2026-02-11T03:17:00Z,EarthMJ2000Eq,14040.0,2026-02-11T07:11:00Z,6136.142089568781,2672.509600940173,27.839787152988947,-3.0987381174873527,7.0887160932568785,0.13050028355069426,6692.930775396057,7.737512784840807
numerical_gravity_20x20,2026-02-11T03:17:00Z,EarthMJ2000Eq,14100.0,2026-02-11T07:12:00Z,5935.664215669104,3091.089610032884,35.59650260819444,-3.581206935136972,6.858366784624842,0.12795282002490863,6692.399552434531,7.738127033647791
numerical_gravity_20x20,2026-02-11T03:17:00Z,EarthMJ2000Eq,14160.0,2026-02-11T07:13:00Z,5706.738596752069,3494.855028010793,43.18176787328479,-4.046611531364738,6.595093656205329,0.12478759205543186,6691.990865471109,7.738597880948773
numerical_gravity_20x20,2026-02-11T03:17:00Z,EarthMJ2000Eq,14220.0,2026-02-11T07:14:00Z,5450.4574757652435,3881.867574085769,50.558969281232194,-4.492687130449779,6.300162087145,0.12102025871117061,6691.7067155725335,7.738922785467421
numerical_gravity_20x20,2026-02-11T03:17:00Z,EarthMJ2000Eq,14280.0,2026-02-11T07:15:00Z,5168.046176106958,4250.269689919468,57.692535290545024,-4.917264545517219,5.974996094222573,0.11666984092887647,6691.54856098722,7.739100773885687
numerical_gravity_20x20,2026-02-11T03:17:00Z,EarthMJ2000Eq,14340.0,2026-02-11T07:16:00Z,4860.857019525169,4598.293806196115,64.54812539555559,-5.318281382125815,5.621169871180483,0.11175826237209197,6691.517268367522,7.739131572039702
numerical_gravity_20x20,2026-02-11T03:17:00Z,EarthMJ2000Eq,14400.0,2026-02-11T07:17:00Z,4530.362623431717,4924.271103210529,71.09278888174886,-5.693791768369002,5.240399553314648,0.10630986185479147,6691.613077751308,7.739015051455486
numerical_gravity_20x20,2026-02-11T03:17:00Z,EarthMJ2000Eq,14460.0,2026-02-11T07:18:00Z,4178.148618092151,5226.639787388576,77.29510220032594,-6.041976169946553,4.834535134141502,0.1003512104188665,6691.8356132531235,7.7387516026089855
numerical_gravity_20x20,2026-02-11T03:17:00Z,EarthMJ2000Eq,14520.0,2026-02-11T07:19:00Z,3805.9057609948977,5503.952851877028,83.1253068130097,-6.361151536457277,4.405551126856132,0.09391128097533236,6692.183909150448,7.738342776706816
numerical_gravity_20x20,2026-02-11T03:17:00Z,EarthMJ2000Eq,14580.0,2026-02-11T07:20:00Z,3415.4214651546567,5754.885222080724,88.55545993550618,-6.649780429929551,3.9555354826918894,0.08702163504884682,6692.656406349176,7.737791253715442
numerical_gravity_20x20,2026-02-11T03:17:00Z,EarthMJ2000Eq,14640.0,2026-02-11T07:21:00Z,3008.570837105555,5978.240211505352,93.55958726161361,-6.906478233476703,3.4866779457351322,0.07971626611577,6693.2509219892645,7.73710019127623
numerical_gravity_20x20,2026-02-11T03:17:00Z,EarthMJ2000Eq,14700.0,2026-02-11T07:22:00Z,2587.3073234419226,6172.955292934125,98.11381537209233,-7.13001922051528,3.0012589347417333,0.07203112158860253,6693.9646365413755,7.736272859766627
numerical_gravity_20x20,2026-02-11T03:17:00Z,EarthMJ2000Eq,14760.0,2026-02-11T07:23:00Z,2153.6529964578817,6338.107208825804,102.19647490887358,-7.319342614106518,2.5016384293709097,0.06400367687953429,6694.794122241956,7.735313025639951
numerical_gravity_20x20,2026-02-11T03:17:00Z,EarthMJ2000Eq,14820.0,2026-02-11T07:24:00Z,1709.6884797329587,6472.916383903807,105.78818784821715,-7.473558348005583,1.9902436924175129,0.05567284756273667,6695.735385409891,7.734225481727785
numerical_gravity_20x20,2026-02-11T03:17:00Z,EarthMJ2000Eq,14880.0,2026-02-11T07:25:00Z,1257.54256884781,6576.750563958043,108.8719574085421,-7.591951287548146,1.469555912025431,0.047079109841174395,6696.783884529705,7.733015930001456
numerical_gravity_20x20,2026-02-11T03:17:00Z,EarthMJ2000Eq,14940.0,2026-02-11T07:26:00Z,799.3816568959576,6649.1276526694755,111.4332618034817,-7.673983605398823,0.9420970460450311,0.03826444821123657,6697.934528398421,7.731690331880449
numerical_gravity_20x20,2026-02-11T03:17:00Z,EarthMJ2000Eq,15000.0,2026-02-11T07:27:00Z,337.3990477851127,6689.717785107381,113.4601341075203,-7.719296361629889,0.4104175042265419,0.029271950091004962,6699.1816935996,7.730254568480272
numerical_gravity_20x20,2026-02-11T03:17:00Z,EarthMJ2000Eq,15060.0,2026-02-11T07:28:00Z,-126.19582470436131,6698.3446688082995,114.94321205381627,-7.727711083588667,-0.12291615541908268,0.02014527111612437,6700.519280647032,7.728714822312341
numerical_gravity_20x20,2026-02-11T03:17:00Z,EarthMJ2000Eq,15120.0,2026-02-11T07:29:00Z,-589.1882602785346,6674.986161303378,115.87576115268898,-7.699230739898581,-0.6553344351618872,0.010928325939272569,6701.940782464761,7.727078143542747
numerical_gravity_20x20,2026-02-11T03:17:00Z,EarthMJ2000Eq,15180.0,2026-02-11T07:30:00Z,-1049.3691678438317,6619.774034592418,116.25368895162056,-7.634039064944355,-1.1842786152328002,0.0016652804889786118,6703.4393291563465,7.725352487540832
numerical_gravity_20x20,2026-02-11T03:17:00Z,EarthMJ2000Eq,15240.0,2026-02-11T07:31:00Z,-1504.545848436951,6532.992930299179,116.07556163209306,-7.53249825705526,-1.7072138568973818,-0.007599420654732659,6705.007708675369,7.723546264308725
numerical_gravity_20x20,2026-02-11T03:17:00Z,EarthMJ2000Eq,15300.0,2026-02-11T07:32:00Z,-1952.5526142109898,6415.078558002658,115.34261586622534,-7.395145966473722,-2.221641385825891,-0.016821263825346277,6706.6383930880365,7.721668036608646
numerical_gravity_20x20,2026-02-11T03:17:00Z,EarthMJ2000Eq,15360.0,2026-02-11T07:33:00Z,-2391.2612183370466,6266.615173426747,114.05875109949625,-7.222691976508341,-2.7251104507647237,-0.025956074244988084,6708.3235867724425,7.719726683903731
numerical_gravity_20x20,2026-02-11T03:17:00Z,EarthMJ2000Eq,15420.0,2026-02-11T07:34:00Z,-2818.591063734645,6088.332332620805,112.2304981778855,-7.016014021832502,-3.215230485778676,-0.03496034994932216,6710.055280079438,7.717731665282193
numerical_gravity_20x20,2026-02-11T03:17:00Z,EarthMJ2000Eq,15480.0,2026-02-11T07:35:00Z,-3232.5191208442584,5881.100921743129,109.86697479638009,-6.7761522595213455,-3.689682957973234,-0.043791366981421054,6711.825286053156,7.715692934428926
numerical_gravity_20x20,2026-02-11T03:17:00Z,EarthMJ2000Eq,15540.0,2026-02-11T07:36:00Z,-3631.0894807488853,5645.928503161476,106.97983841943605,-6.5043027599365875,-4.1462322550106006,-0.052407201949048,6713.625262542187,7.713620603855568
numerical_gravity_20x20,2026-02-11T03:17:00Z,EarthMJ2000Eq,15600.0,2026-02-11T07:37:00Z,-4012.4225048596104,5383.9540360859855,103.58323387901021,-6.201810630679203,-4.582735727623982,-0.06076691642563985,6715.446739162726,7.71152478218016
numerical_gravity_20x20,2026-02-11T03:17:00Z,EarthMJ2000Eq,15660.0,2026-02-11T07:38:00Z,-4374.723552080602,5096.442007059188,99.69372369995016,-5.870162742651292,-4.9971533746913686,-0.06883092525282396,6717.281155868895,7.709415682895289
numerical_gravity_20x20,2026-02-11T03:17:00Z,EarthMJ2000Eq,15720.0,2026-02-11T07:39:00Z,-4716.291246079349,4784.775989273729,95.33019640376554,-5.510979618076195,-5.3875571291267565,-0.07656131526298697,6719.119900085238,7.707303666357683
numerical_gravity_20x20,2026-02-11T03:17:00Z,EarthMJ2000Eq,15780.0,2026-02-11T07:40:00Z,-5035.525229519821,4450.451669768555,90.51376268875751,-5.126006508369589,-5.752139229561494,-0.08392191931389495,6720.954332779865,7.70519898047085
numerical_gravity_20x20,2026-02-11T03:17:00Z,EarthMJ2000Eq,15840.0,2026-02-11T07:41:00Z,-5330.933372695239,4095.0694072228434,85.26765285122639,-4.717104228895238,-6.0892195334637025,-0.09087824151136298,6722.775814104695,7.703111429010841
numerical_gravity_20x20,2026-02-11T03:17:00Z,EarthMJ2000Eq,15900.0,2026-02-11T07:42:00Z,-5601.138434263936,3720.3263717257905,79.61711599352138,-4.286240052028094,-6.397252234481199,-0.09739751778757189,6724.575745510357,7.701050331718114
numerical_gravity_20x20,2026-02-11T03:17:00Z,EarthMJ2000Eq,15960.0,2026-02-11T07:43:00Z,-5844.884169789496,3328.0082888105912,73.58930727372712,-3.835478320546449,-6.674832347909643,-0.10344905060113783,6726.345628555885,7.699024777603527
numerical_gravity_20x20,2026-02-11T03:17:00Z,EarthMJ2000Eq,16020.0,2026-02-11T07:44:00Z,-6061.040857811043,2919.9808058624267,67.21315049418128,-3.3669703900595898,-6.9207017382176685,-0.10900464827555968,6728.077124577212,7.697043859187289
numerical_gravity_20x20,2026-02-11T03:17:00Z,EarthMJ2000Eq,16080.0,2026-02-11T07:45:00Z,-6248.610203705135,2498.1805211433557,60.51917850447356,-2.882943998196381,-7.133754295924943,-0.11403888754037013,6729.762103153043,7.69511671901314
numerical_gravity_20x20,2026-02-11T03:17:00Z,EarthMJ2000Eq,16140.0,2026-02-11T07:46:00Z,-6406.729596205846,2064.6057295529863,53.53936592175949,-2.38569234759523,-7.313040223644877,-0.11852911982563318,6731.392679164264,7.693252526875027
numerical_gravity_20x20,2026-02-11T03:17:00Z,EarthMJ2000Eq,16200.0,2026-02-11T07:47:00Z,-6534.675701330181,1621.3069355676025,46.30696486279597,-1.8775629201788369,-7.457769499296584,-0.12245540741710109,6732.961238256872,7.691460443288686
numerical_gravity_20x20,2026-02-11T03:17:00Z,EarthMJ2000Eq,16260.0,2026-02-11T07:48:00Z,-6631.867376817015,1170.377188866112,38.85634101248183,-1.3609460563092548,-7.56731425834353,-0.12580059520862724,6734.460444842246,7.689749348481253
numerical_gravity_20x20,2026-02-11T03:17:00Z,EarthMJ2000Eq,16320.0,2026-02-11T07:49:00Z,-6697.86790701359,713.9423163265893,31.22280136116367,-0.8382638566655984,-7.641209881065036,-0.12855048856943857,6735.8832378663765,7.688127208104016
numerical_gravity_20x20,2026-02-11T03:17:00Z,EarthMJ2000Eq,16380.0,2026-02-11T07:50:00Z,-6732.386599572551,254.1511154828395,23.442413794364704,-0.31196006405687093,-7.6791553616821275,-0.1306939048320271,6737.222844939132,7.686600487027928
numerical_gravity_20x20,2026-02-11T03:17:00Z,EarthMJ2000Eq,16440.0,2026-02-11T07:51:00Z,-6735.2797998730575,-206.83448092258197,15.55183197031835,0.21550939517639983,-7.68101406290402,-0.13222244054435356,6738.472849582033,7.685174305617415
numerical_gravity_20x20,2026-02-11T03:17:00Z,EarthMJ2000Eq,16500.0,2026-02-11T07:52:00Z,-6706.551323829719,-666.8493082119699,7.588140239758875,0.7416865956035996,-7.646815135609387,-0.13313008106849752,6739.627307121458,7.683853482645812
numerical_gravity_20x20,2026-02-11T03:17:00Z,EarthMJ2000Eq,16560.0,2026-02-11T07:53:00Z,-6646.352229491662,-1123.7349499174725,-0.4112812991988566,1.2641235033161062,-7.576754365498512,-0.1334129746873565,6740.680853243767,7.682643683560489
numerical_gravity_20x20,2026-02-11T03:17:00Z,EarthMJ2000Eq,16620.0,2026-02-11T07:54:00Z,-6554.979838776537,-1575.3497094730342,-8.408889305746442,1.7803948064966486,-7.471192858494987,-0.1330695898056028,6741.628742620213,7.68155166041066
numerical_gravity_20x20,2026-02-11T03:17:00Z,EarthMJ2000Eq,16680.0,2026-02-11T07:55:00Z,-6432.8760087257115,-2019.5784294171779,-16.367129006804248,2.2881097980742853,-7.330653412494338,-0.13210115824452673,6742.466808158415,7.68058439301125
numerical_gravity_20x20,2026-02-11T03:17:00Z,EarthMJ2000Eq,16740.0,2026-02-11T07:56:00Z,-6280.624748464269,-2454.3420582051626,-24.248612965848654,2.7849222903623527,-7.155816034420086,-0.13051206892170325,6743.191393170402,7.679747956928985
numerical_gravity_20x20,2026-02-11T03:17:00Z,EarthMJ2000Eq,16800.0,2026-02-11T07:57:00Z,-6098.949283778425,-2877.6069603872434,-32.01631424213615,3.2685393603190356,-6.947513992793597,-0.12830992603594318,6743.799317072545,7.679047054624483
numerical_gravity_20x20,2026-02-11T03:17:00Z,EarthMJ2000Eq,16860.0,2026-02-11T07:58:00Z,-5888.7085945701065,-3287.394007033678,-39.6337521353408,3.7367303609288927,-6.706730292144808,-0.12550527053154253,6744.287887060657,7.678485304719398
numerical_gravity_20x20,2026-02-11T03:17:00Z,EarthMJ2000Eq,16920.0,2026-02-11T07:59:00Z,-5650.893391128602,-3681.787439261514,-47.06515733117648,4.187336540762039,-6.434593454332136,-0.12211122616561622,6744.654920367637,7.6780656014188
numerical_gravity_20x20,2026-02-11T03:17:00Z,EarthMJ2000Eq,16980.0,2026-02-11T08:00:00Z,-5386.6215165515105,-4058.9434417667962,-54.27562094019124,4.6182803621735395,-6.132372097268209,-0.11814334957274847,6744.898744167019,7.677789974598141
numerical_gravity_20x20,2026-02-11T03:17:00Z,EarthMJ2000Eq,17040.0,2026-02-11T08:01:00Z,-5097.132820954457,-4417.098370614772,-61.231242850273716,5.027573752811192,-5.801469009865953,-0.11361974352157626,6745.018181979926,7.677659145762396
numerical_gravity_20x20,2026-02-11T03:17:00Z,EarthMJ2000Eq,17100.0,2026-02-11T08:02:00Z,-4783.783564827203,-4754.57663410863,-67.89929052925022,5.4133257115668645,-5.443415591935114,-0.10856124937424838,6745.012563248269,7.677672440974471
numerical_gravity_20x20,2026-02-11T03:17:00Z,EarthMJ2000Eq,17160.0,2026-02-11T08:03:00Z,-4448.040358584483,-5069.798249476101,-74.24836562594955,5.773750313022321,-5.059866469666436,-0.10299148435211782,6744.881773744107,7.677828378768901
numerical_gravity_20x20,2026-02-11T03:17:00Z,EarthMJ2000Eq,17220.0,2026-02-11T08:04:00Z,-4091.4735987446466,-5361.286054045596,-80.24856573306799,6.107175423949723,-4.652593158746596,-0.09693664906815214,6744.626319880923,7.678125518226676
numerical_gravity_20x20,2026-02-11T03:17:00Z,EarthMJ2000Eq,17280.0,2026-02-11T08:05:00Z,-3715.7503803577256,-5627.67248486001,-85.87163034120526,6.412051223523012,-4.223475978760569,-0.09042522192245613,6744.247357776587,7.678562818458297
numerical_gravity_20x20,2026-02-11T03:17:00Z,EarthMJ2000Eq,17340.0,2026-02-11T08:06:00Z,-3322.626936572408,-5867.705829409328,-91.09106920277657,6.686957284866013,-3.7744946951106,-0.08348769820525306,6743.746662131463,7.679139152847298
numerical_gravity_20x20,2026-02-11T03:17:00Z,EarthMJ2000Eq,17400.0,2026-02-11T08:07:00Z,-2913.9407077076953,-6080.255910392193,-95.88227790354466,6.930607909519002,-3.3077192445595807,-0.07615642036833585,6743.126559327742,7.679852368156595
numerical_gravity_20x20,2026-02-11T03:17:00Z,EarthMJ2000Eq,17460.0,2026-02-11T08:08:00Z,-2491.602120586392,-6264.319242655061,-100.22264448340827,7.141856684455906,-2.825301465294395,-0.06846543558888883,6742.389878943247,7.680698717367616
numerical_gravity_20x20,2026-02-11T03:17:00Z,EarthMJ2000Eq,17520.0,2026-02-11T08:09:00Z,-2057.5860836102183,-6419.023715980512,-104.09164682474808,7.319701567192365,-2.3294673663347734,-0.06045032915738871,6741.539959736602,7.681673221757892
numerical_gravity_20x20,2026-02-11T03:17:00Z,EarthMJ2000Eq,17580.0,2026-02-11T08:10:00Z,-1613.9231502286937,-6543.632794016797,-107.47094011362546,7.4632907636497645,-1.8225084760835069,-0.052148072889718323,6740.580693140992,7.682770697455588
numerical_gravity_20x20,2026-02-11T03:17:00Z,EarthMJ2000Eq,17640.0,2026-02-11T08:11:00Z,-1162.6903338018594,-6637.549138995732,-110.34443748830724,7.571928185014042,-1.3067713217240637,-0.04359695644542402,6739.516546443363,7.683986492758938
numerical_gravity_20x20,2026-02-11T03:17:00Z,EarthMJ2000Eq,17700.0,2026-02-11T08:12:00Z,-706.0016483322588,-6700.317563562801,-112.6983888725848,7.645076947564668,-0.7846457880895799,-0.034836581590530234,6738.35252171408,7.685316137568339
numerical_gravity_20x20,2026-02-11T03:17:00Z,EarthMJ2000Eq,17760.0,2026-02-11T08:13:00Z,-245.99850562599426,-6731.6272974989115,-114.52145838842998,7.682360818190649,-0.2585542235328702,-0.02590779664793806,6737.094069525387,7.68675414211387
numerical_gravity_20x20,2026-02-11T03:17:00Z,EarthMJ2000Eq,17820.0,2026-02-11T08:14:00Z,215.1599529595997,-6731.313651704377,-115.80479309566037,7.683565311995891,0.2690577885759086,-0.016852464409817573,6735.747028584374,7.688293178778795
numerical_gravity_20x20,2026-02-11T03:17:00Z,EarthMJ2000Eq,17880.0,2026-02-11T08:15:00Z,675.3066262668942,-6699.359149403003,-116.54207314188729,7.648640114796252,0.7957303493720602,-0.007713092145095744,6734.317642269476,7.689924699655559
numerical_gravity_20x20,2026-02-11T03:17:00Z,EarthMJ2000Eq,17940.0,2026-02-11T08:16:00Z,1132.2764009660618,-6635.894071051655,-116.72953909683145,7.577702270295502,1.319000179794033,0.001467531972885715,6732.812618490205,7.691640613366461
numerical_gravity_20x20,2026-02-11T03:17:00Z,EarthMJ2000Eq,18000.0,2026-02-11T08:17:00Z,1583.9162502904767,-6541.196263757011,-116.36600098820266,7.471037569809868,1.8364140065320353,0.010646574199894095,6731.239135189666,7.693434351603956
numerical_gravity_20x20,2026-02-11T03:17:00Z,EarthMJ2000Eq,18060.0,2026-02-11T08:18:00Z,2028.0953129471368,-6415.690131216072,-115.4528373081609,7.329098461939668,2.345541927421734,0.01978126508087521,6729.604729538276,7.695300026415336
numerical_gravity_20x20,2026-02-11T03:17:00Z,EarthMJ2000Eq,18120.0,2026-02-11T08:19:00Z,2462.7147717184716,-6259.944899342605,-113.99398900909415,7.152499966750339,2.8439878882117706,0.02882897209326675,6727.917123387896,7.697230280580854
numerical_gravity_20x20,2026-02-11T03:17:00Z,EarthMJ2000Eq,18180.0,2026-02-11T08:20:00Z,2885.7175109479986,-6074.672346026723,-111.9959485974468,6.94201689013525,3.3293974271358078,0.03774729314796846,6726.184115609382,7.6992149332825885
numerical_gravity_20x20,2026-02-11T03:17:00Z,EarthMJ2000Eq,18240.0,2026-02-11T08:21:00Z,3295.0976887633888,-5860.724067955655,-109.46774329284212,6.698583663498723,3.799466018184877,0.04649415479958605,6724.413622467771,7.7012419015808184
numerical_gravity_20x20,2026-02-11T03:17:00Z,EarthMJ2000Eq,18300.0,2026-02-11T08:22:00Z,3688.9103254580637,-5619.088149453118,-106.42091273066995,6.423294415230356,4.251950870586413,0.055027898742235,6722.613809468904,7.703299644973576
numerical_gravity_20x20,2026-02-11T03:17:00Z,EarthMJ2000Eq,18360.0,2026-02-11T08:23:00Z,4065.280810206564,-5350.885032193934,-102.8694804621592,6.117399724054581,4.684685281170514,0.0633074190152365,6720.793169232436,7.705378861339727
numerical_gravity_20x20,2026-02-11T03:17:00Z,EarthMJ2000Eq,18420.0,2026-02-11T08:24:00Z,4422.414084069802,-5057.3625388137825,-98.82991311085476,5.782299291550476,5.0955918449390785,0.07129244874552937,6718.960450226019,7.707471956518747
numerical_gravity_20x20,2026-02-11T03:17:00Z,EarthMJ2000Eq,18480.0,2026-02-11T08:25:00Z,4758.603324380143,-4739.890208174386,-94.32105736399151,5.419533256519559,5.482692072766382,0.07894399907239635,6717.124477498644,7.709571015191854
numerical_gravity_20x20,2026-02-11T03:17:00Z,EarthMJ2000Eq,18540.0,2026-02-11T08:26:00Z,5072.23814844244,-4399.953140636036,-89.36404952060698,5.0307751790171436,5.844113554790903,0.08622480165598702,6715.293992645031,7.711666282946011
numerical_gravity_20x20,2026-02-11T03:17:00Z,EarthMJ2000Eq,18600.0,2026-02-11T08:27:00Z,5361.812459844782,-4039.145411935496,-83.98220312550512,4.6178269038426984,6.17809762837989,0.09309957461024325,6713.477602833581,7.713746375817607
numerical_gravity_20x20,2026-02-11T03:17:00Z,EarthMJ2000Eq,18660.0,2026-02-11T08:28:00Z,5625.931988498441,-3659.1629686152273,-78.20088726868246,4.1826130499053775,6.483008999778525,0.09953508000480811,6711.683823666355,7.715799689507217
numerical_gravity_20x20,2026-02-11T03:17:00Z,EarthMJ2000Eq,18720.0,2026-02-11T08:29:00Z,5863.321435684336,-3261.7959102135096,-72.04740422758844,3.727173187672355,6.757346247309123,0.10550012114476642,6709.921135639147,7.717815659400524
numerical_gravity_20x20,2026-02-11T03:17:00Z,EarthMJ2000Eq,18780.0,2026-02-11T08:30:00Z,6072.831076942041,-2848.9201620538156,-65.55086466255298,3.253651744369376,6.999751388874195,0.11096564445803539,6708.197991613529,7.719785136513456
numerical_gravity_20x20,2026-02-11T03:17:00Z,EarthMJ2000Eq,18840.0,2026-02-11T08:31:00Z,6253.442720374053,-2422.4886239624675,-58.742052841708045,2.764286808428031,7.209017774961225,0.11590495641678901,6706.522766605573,7.721700123540029
numerical_gravity_20x20,2026-02-11T03:17:00Z,EarthMJ2000Eq,18900.0,2026-02-11T08:32:00Z,6404.274981872939,-1984.5218894181685,-51.6532784141657,2.2613986175734118,7.384096588234305,0.12029393189140238,6704.903670761752,7.7235533766516005
numerical_gravity_20x20,2026-02-11T03:17:00Z,EarthMJ2000Eq,18960.0,2026-02-11T08:33:00Z,6524.587864315807,-1537.0986085995,-44.31821846180514,1.7473778761290648,7.524102226640023,0.12411112599849304,6703.348643493284,7.725338007525062
numerical_gravity_20x20,2026-02-11T03:17:00Z,EarthMJ2000Eq,19020.0,2026-02-11T08:34:00Z,6613.786634154088,-1082.3455622107151,-36.771755031983,1.2246740720943006,7.62831656049164,0.12733782618082862,6701.86524186518,7.727046981344651
numerical_gravity_20x20,2026-02-11T03:17:00Z,EarthMJ2000Eq,19080.0,2026-02-11T08:35:00Z,6671.4250064012995,-622.4275096636085,-29.04980961744295,0.6957841583926048,7.696192271270706,0.12995810545775283,6700.460544788055,7.728672601463412
numerical_gravity_20x20,2026-02-11T03:17:00Z,EarthMJ2000Eq,19140.0,2026-02-11T08:36:00Z,6697.207663799761,-159.53685005184565,-21.18917509075767,0.16324162836403983,7.727355860330545,0.13195883981010192,6699.1411001503575,7.7302063075198575
numerical_gravity_20x20,2026-02-11T03:17:00Z,EarthMJ2000Eq,19200.0,2026-02-11T08:37:00Z,6690.9921189217275,304.11689992338637,-13.227349608314821,-0.3703945945577853,7.721610769241369,0.1333296218996969,6697.912927701385,7.731639012228768
numerical_gravity_20x20,2026-02-11T03:17:00Z,EarthMJ2000Eq,19260.0,2026-02-11T08:38:00Z,6652.789884397057,766.3178154391762,-5.202377167530108,-0.902552215125346,7.678940416970535,0.13406265850527205,6696.7815631782005,7.732961866246128
numerical_gravity_20x20,2026-02-11T03:17:00Z,EarthMJ2000Eq,19320.0,2026-02-11T08:39:00Z,6582.766881218529,1224.854434837567,2.847311378021966,-1.4306589039929936,7.599510408542754,0.13415290063239255,6695.752109075639,7.734167075378717
numerical_gravity_20x20,2026-02-11T03:17:00Z,EarthMJ2000Eq,19380.0,2026-02-11T08:40:00Z,6481.243015845644,1677.5307172623511,10.883076161378693,-1.9521565495119726,7.483669088836019,0.1335985349036606,6694.829256908156,7.735248334315495
numerical_gravity_20x20,2026-02-11T03:17:00Z,EarthMJ2000Eq,19440.0,2026-02-11T08:41:00Z,6348.690897055511,2122.17697255347,18.866281049709503,-2.4645155035866155,7.331946063554961,0.13240158090767498,6694.017265122071,7.736200613022178
numerical_gravity_20x20,2026-02-11T03:17:00Z,EarthMJ2000Eq,19500.0,2026-02-11T08:42:00Z,6185.733722812689,2556.660650378463,26.758532813916215,-2.9652478882286224,7.145049130826064,0.13056809538749808,6693.319907924177,7.737019461530113
numerical_gravity_20x20,2026-02-11T03:17:00Z,EarthMJ2000Eq,19560.0,2026-02-11T08:43:00Z,5993.142403578096,2978.8969236612033,34.521912948529234,-3.451919814333823,6.923860672609215,0.1281077239860303,6692.740433771329,7.737700472830404
numerical_gravity_20x20,2026-02-11T03:17:00Z,EarthMJ2000Eq,19620.0,2026-02-11T08:44:00Z,5771.831963798763,3386.8590581683916,42.11916904766498,-3.922163433422019,6.669434142830221,0.1250328910956099,6692.28156331065,7.738239528980608
numerical_gravity_20x20,2026-02-11T03:17:00Z,EarthMJ2000Eq,19680.0,2026-02-11T08:45:00Z,5522.8571975052855,3778.5885605302924,49.51386175634166,-4.373689839032974,6.382989973456305,0.1213582237099312,6691.945513549281,7.738633705491302
numerical_gravity_20x20,2026-02-11T03:17:00Z,EarthMJ2000Eq,19740.0,2026-02-11T08:46:00Z,5247.407528464384,4152.205027075267,56.67049406281581,-4.804302473374442,6.06590949576588,0.11710055175997916,6691.733998116717,7.7388818834323185
numerical_gravity_20x20,2026-02-11T03:17:00Z,EarthMJ2000Eq,19800.0,2026-02-11T08:47:00Z,4946.801092529056,4505.915555236078,63.55465445928762,-5.21190933684567,5.719726550697275,0.11227930448113307,6691.6481702244755,7.738984261029685
numerical_gravity_20x20,2026-02-11T03:17:00Z,EarthMJ2000Eq,19860.0,2026-02-11T08:48:00Z,4622.478156778843,4838.023616859864,70.13318491532561,-5.594532857099114,5.3461182859816825,0.10691687618512036,6691.6885380909425,7.7389411314005025
numerical_gravity_20x20,2026-02-11T03:17:00Z,EarthMJ2000Eq,19920.0,2026-02-11T08:49:00Z,4275.993997593558,5146.937400567809,76.37436338889908,-5.950318375378593,4.946896818687729,0.10103873790789862,6691.8549234276525,7.738752207537655
numerical_gravity_20x20,2026-02-11T03:17:00Z,EarthMJ2000Eq,19980.0,2026-02-11T08:50:00Z,3909.01125993622,5431.177678843992,82.2480871009964,-6.277543222915028,4.5240014876551315,0.09467337878407998,6692.146498494571,7.738417242855457
numerical_gravity_20x20,2026-02-11T03:17:00Z,EarthMJ2000Eq,20040.0,2026-02-11T08:51:00Z,3523.291736887426,5689.385180108435,87.72605053779826,-6.57462683018377,4.079489768253362,0.08785219470263557,6692.5618600652215,7.737937240219142
numerical_gravity_20x20,2026-02-11T03:17:00Z,EarthMJ2000Eq,20100.0,2026-02-11T08:52:00Z,3120.6875518655224,5920.327343388729,92.78191391395869,-6.840140155627653,3.6155257957158984,0.08060925740944172,6693.099067905257,7.737314907672886
numerical_gravity_20x20,2026-02-11T03:17:00Z,EarthMJ2000Eq,20160.0,2026-02-11T08:53:00Z,2703.131841543226,6122.904338479615,97.39145094270933,-7.07281277455044,3.1343676942575622,0.07298084898704013,6693.755626377026,7.73655398681921
numerical_gravity_20x20,2026-02-11T03:17:00Z,EarthMJ2000Eq,20220.0,2026-02-11T08:54:00Z,2272.6290779874507,6296.154337920844,101.53266359073989,-7.271538061779314,2.638355508175597,0.06500486916351199,6694.5284564941085,7.735658420874123
numerical_gravity_20x20,2026-02-11T03:17:00Z,EarthMJ2000Eq,20280.0,2026-02-11T08:55:00Z,1831.245095007122,6439.258089978153,105.18586531242495,-7.435378102040985,2.129899800173167,0.0567204314647542,6695.413909057323,7.734632369184319
numerical_gravity_20x20,2026-02-11T03:17:00Z,EarthMJ2000Eq,20340.0,2026-02-11T08:56:00Z,1381.0968123330417,6551.542792039802,108.3337512671237,-7.563568745943096,1.6114694923585384,0.04816783442832756,6696.407810358385,7.733480861790699
numerical_gravity_20x20,2026-02-11T03:17:00Z,EarthMJ2000Eq,20400.0,2026-02-11T08:57:00Z,924.3416821183188,6632.485191494759,110.96147411864872,-7.655523550142342,1.0855783366522216,0.039388715813119174,6697.505491557075,7.732210073628757
numerical_gravity_20x20,2026-02-11T03:17:00Z,EarthMJ2000Eq,20460.0,2026-02-11T08:58:00Z,463.16696055479844,6681.713859791415,113.05672465639196,-7.710835644977145,0.5547711554595285,0.03042600152018566,6698.701781723702,7.730826807033547
numerical_gravity_20x20,2026-02-11T03:17:00Z,EarthMJ2000Eq,20520.0,2026-02-11T08:59:00Z,-0.22108529329466364,6699.010667860766,114.60979822451083,-7.729278257046801,0.021611066977352822,0.021323494012053433,6699.990998713365,7.72933788266946
numerical_gravity_20x20,2026-02-11T03:17:00Z,EarthMJ2000Eq,20580.0,2026-02-11T09:00:00Z,-463.60799444986566,6684.311518678938,115.61363120766764,-7.710805104579792,-0.5113326981909693,0.012125351437547175,6701.366977190757,7.727750223266828
numerical_gravity_20x20,2026-02-11T03:17:00Z,EarthMJ2000Eq,20640.0,2026-02-11T09:01:00Z,-924.7819498659219,6637.706334843889,116.06381253673595,-7.655550539596431,-1.0414976006044958,0.0028758201214494957,6702.823125445358,7.726071419985807
numerical_gravity_20x20,2026-02-11T03:17:00Z,EarthMJ2000Eq,20700.0,2026-02-11T09:02:00Z,-1381.544587227875,6559.438253050505,115.95858918894127,-7.563828253321474,-1.5663412927257145,-0.00638072586162541,6704.352469589259,7.724309911228599
numerical_gravity_20x20,2026-02-11T03:17:00Z,EarthMJ2000Eq,20760.0,2026-02-11T09:03:00Z,-1831.7216693889955,6449.9020174378,115.29887597353053,-7.43612816537669,-2.083354597248607,-0.015599747002517539,6705.947669006832,7.7224744623658
numerical_gravity_20x20,2026-02-11T03:17:00Z,EarthMJ2000Eq,20820.0,2026-02-11T09:04:00Z,-2273.17354324625,6309.641632336914,114.08825923484959,-7.2731125029295765,-2.5900732195107077,-0.02473680479419596,6707.6010329423425,7.720573597357162
numerical_gravity_20x20,2026-02-11T03:17:00Z,EarthMJ2000Eq,20880.0,2026-02-11T09:05:00Z,-2703.805362628089,6139.34733470866,112.33297585582447,-7.075611966625927,-3.08408891505694,-0.03374807579631828,6709.304571461588,7.718615683583233
numerical_gravity_20x20,2026-02-11T03:17:00Z,EarthMJ2000Eq,20940.0,2026-02-11T09:06:00Z,-3121.577075104562,5939.851885789949,110.04186238871917,-6.844621518200981,-3.563061100950386,-0.04259077322999129,6711.050072262816,7.71660949578829
numerical_gravity_20x20,2026-02-11T03:17:00Z,EarthMJ2000Eq,21000.0,2026-02-11T09:07:00Z,-3524.513117609141,5712.126155289642,107.22628813634711,-6.581294763726674,-4.0247286718106565,-0.05122325218134318,6712.829165635785,7.714564502958994
numerical_gravity_20x20,2026-02-11T03:17:00Z,EarthMJ2000Eq,21060.0,2026-02-11T09:08:00Z,-3910.7117281825613,5457.274018087528,103.90008875478924,-6.286936878364881,-4.466920934704356,-0.05960493615058141,6714.6333598999345,7.7124905638748045
numerical_gravity_20x20,2026-02-11T03:17:00Z,EarthMJ2000Eq,21120.0,2026-02-11T09:09:00Z,-4278.353811974446,5176.526634631769,100.07950160585264,-5.962996986541404,-4.887567257512653,-0.06769637733050521,6716.454067894015,7.710397496738756
numerical_gravity_20x20,2026-02-11T03:17:00Z,EarthMJ2000Eq,21180.0,2026-02-11T09:10:00Z,-4625.711349510784,4871.236175942689,95.78308981802758,-5.611060519115844,-5.2847060766488845,-0.07545956181678846,6718.28265043238,7.708295052164246
numerical_gravity_20x20,2026-02-11T03:17:00Z,EarthMJ2000Eq,21240.0,2026-02-11T09:11:00Z,-4951.155335459067,4542.869011681103,91.03164523054289,-5.232841081970701,-5.656493801617885,-0.08285825960668615,6720.110473315941,7.706193185230104
numerical_gravity_20x20,2026-02-11T03:17:00Z,EarthMJ2000Eq,21300.0,2026-02-11T09:12:00Z,-5253.163199856455,4192.998374767604,85.84807553785969,-4.830171308605948,-6.001213236929456,-0.0898581770399003,6721.928954340669,7.704102133120923
numerical_gravity_20x20,2026-02-11T03:17:00Z,EarthMJ2000Eq,21360.0,2026-02-11T09:13:00Z,-5530.325655419697,3823.296552259456,80.25728859298665,-4.404992988091377,-6.3172808884279315,-0.09642692754778827,6723.729591074038,7.702032147478176
numerical_gravity_20x20,2026-02-11T03:17:00Z,EarthMJ2000Eq,21420.0,2026-02-11T09:14:00Z,-5781.352947823144,3435.5266719016304,74.28607805919316,-3.9593471141358547,-6.603253208880267,-0.10253405847306474,6725.503984241201,7.699993230123676
numerical_gravity_20x20,2026-02-11T03:17:00Z,EarthMJ2000Eq,21480.0,2026-02-11T09:15:00Z,-6005.080510125338,3031.534132542785,67.96300139786335,-3.4953639208699303,-6.857832294592076,-0.10815128132940104,6727.243870963661,7.697995155865092
numerical_gravity_20x20,2026-02-11T03:17:00Z,EarthMJ2000Eq,21540.0,2026-02-11T09:16:00Z,-6200.4740079764215,2613.237705584559,61.31824068284145,-3.0152524736695594,-7.079871105324065,-0.11325277243529155,6728.9411615885365,7.696047592007035
numerical_gravity_20x20,2026-02-11T03:17:00Z,EarthMJ2000Eq,21600.0,2026-02-11T09:17:00Z,-6366.633743513465,2182.620348750901,54.383449688085925,-2.521289752134578,-7.268377754018369,-0.11781529743422997,6730.587966175447,7.69415996932982
