reference_model,comparison_model,frame,elapsed_seconds,timestamp_utc,radial_position_difference_m,along_track_position_difference_m,cross_track_position_difference_m,radial_velocity_difference_mm_s,along_track_velocity_difference_mm_s,cross_track_velocity_difference_mm_s
gmat_j2,numerical_j2_iau1976_1980,EarthMJ2000Eq,0.0,2026-02-11T03:17:00Z,2.3761577009065205e-13,1.4267659426743957e-11,-3.3087156795898426e-12,-3.4756302663370014e-10,9.861429906912915e-12,-2.208554342051115e-10
gmat_j2,numerical_j2_iau1976_1980,EarthMJ2000Eq,60.0,2026-02-11T03:18:00Z,2.6350239738161994e-08,5.758804031944256e-07,-3.316004621273778e-05,3.6077380046958595e-07,1.817736147829673e-05,-0.001076453329094793
gmat_j2,numerical_j2_iau1976_1980,EarthMJ2000Eq,120.0,2026-02-11T03:19:00Z,8.983350648574054e-08,2.05206473912326e-06,-0.00012562582727227727,-1.370911869947223e-06,3.0121087546930187e-05,-0.0019754692108361017
gmat_j2,numerical_j2_iau1976_1980,EarthMJ2000Eq,180.0,2026-02-11T03:20:00Z,1.2885566063370043e-07,4.0500052900164414e-06,-0.0002665153489789066,-4.373312992348553e-06,3.569320703577701e-05,-0.0026894376949043414
gmat_j2,numerical_j2_iau1976_1980,EarthMJ2000Eq,240.0,2026-02-11T03:21:00Z,1.1295581156422742e-07,6.187668128373709e-06,-0.00044453646856723274,-7.807311758151458e-06,3.4836855836994227e-05,-0.0032123149464546082
gmat_j2,numerical_j2_iau1976_1980,EarthMJ2000Eq,300.0,2026-02-11T03:22:00Z,4.190074885540378e-08,8.085632131409152e-06,-0.0006480820445124218,-1.083328626334779e-05,2.75790119355282e-05,-0.0035396454458160496
gmat_j2,numerical_j2_iau1976_1980,EarthMJ2000Eq,360.0,2026-02-11T03:23:00Z,-6.955346572583865e-08,9.36493137493384e-06,-0.0008653261972255936,-1.262800345306164e-05,1.403190668575864e-05,-0.0036685980260961993
gmat_j2,numerical_j2_iau1976_1980,EarthMJ2000Eq,420.0,2026-02-11T03:24:00Z,-1.761898710069882e-07,9.652534354771882e-06,-0.001084322331950552,-1.2382928940647489e-05,-5.611718825763947e-06,-0.0035979810276003774
gmat_j2,numerical_j2_iau1976_1980,EarthMJ2000Eq,480.0,2026-02-11T03:25:00Z,-2.1131940180524255e-07,8.592297589884748e-06,-0.0012931003726604398,-9.326588696509008e-06,-3.107561503480978e-05,-0.003328203819935226
gmat_j2,numerical_j2_iau1976_1980,EarthMJ2000Eq,540.0,2026-02-11T03:26:00Z,-9.02731827006066e-08,5.836141669121514e-06,-0.0014797644750516488,-2.735984682824991e-06,-6.200907000339008e-05,-0.002861329021280073
gmat_j2,numerical_j2_iau1976_1980,EarthMJ2000Eq,600.0,2026-02-11T03:27:00Z,1.0335597873213982e-05,0.001597435758282398,-0.0016325912615608037,-0.0018154481745175652,-8.387413331997979e-05,-0.0022009858951438353
gmat_j2,numerical_j2_iau1976_1980,EarthMJ2000Eq,660.0,2026-02-11T03:28:00Z,-9.99819675274808e-06,2.4456724012253075e-05,-0.0017401255556647218,-1.1140713351485163e-05,-0.00015203936172025555,-0.0013525910134014408
gmat_j2,numerical_j2_iau1976_1980,EarthMJ2000Eq,720.0,2026-02-11T03:29:00Z,7.738492227838744e-06,0.00019722332775480938,-0.0017912738467734206,-0.00019870185297654944,-0.00017792109526802087,-0.0003227523167348157
gmat_j2,numerical_j2_iau1976_1980,EarthMJ2000Eq,780.0,2026-02-11T03:30:00Z,4.841003919547035e-06,0.00015232405077071246,-0.0017753970116901028,-0.0001350479158129489,-0.00023153231476457468,0.0008800548846963124
gmat_j2,numerical_j2_iau1976_1980,EarthMJ2000Eq,840.0,2026-02-11T03:31:00Z,8.2119526663104e-06,0.00013919531265060126,-0.0016824042250098306,-0.00010513105569585287,-0.0002816738742826594,0.0022460232039443113
gmat_j2,numerical_j2_iau1976_1980,EarthMJ2000Eq,900.0,2026-02-11T03:32:00Z,1.1927033598366886e-05,0.00012002726092989872,-0.001502835887979127,-6.573509973568024e-05,-0.00033465204403912473,0.0037639173359886157
gmat_j2,numerical_j2_iau1976_1980,EarthMJ2000Eq,960.0,2026-02-11T03:33:00Z,1.6776292760412514e-05,9.734302189139695e-05,-0.0012279473609119263,-1.9759955148061048e-05,-0.00038911271809368233,0.005421149874189753
gmat_j2,numerical_j2_iau1976_1980,EarthMJ2000Eq,1020.0,2026-02-11T03:34:00Z,2.2907208285159488e-05,7.098754161936424e-05,-0.0008497883111157852,3.286367112340379e-05,-0.0004443783048433837,0.007203857296156284
gmat_j2,numerical_j2_iau1976_1980,EarthMJ2000Eq,1080.0,2026-02-11T03:35:00Z,3.0471676507043893e-05,4.084497073110708e-05,-0.0003612759121779302,9.211194213617169e-05,-0.0004997584628116701,0.009096980351383444
gmat_j2,numerical_j2_iau1976_1980,EarthMJ2000Eq,1140.0,2026-02-11T03:36:00Z,3.9590599095842724e-05,6.823387292754325e-06,0.00024373489910861922,0.00015786629764801487,-0.0005545843543303718,0.011084351859757672
gmat_j2,numerical_j2_iau1976_1980,EarthMJ2000Eq,1200.0,2026-02-11T03:37:00Z,5.0384631708878374e-05,-3.113349876530947e-05,0.0009703884138127205,0.00022990673950627118,-0.0006082058175753633,0.013148794158881285
gmat_j2,numerical_j2_iau1976_1980,EarthMJ2000Eq,1260.0,2026-02-11T03:38:00Z,6.37202539961825e-05,-7.64689091899504e-05,0.0018227708079501166,0.00031179681911155287,-0.0006590743052882234,0.015272221637575318
gmat_j2,numerical_j2_iau1976_1980,EarthMJ2000Eq,1320.0,2026-02-11T03:39:00Z,7.227479335952946e-05,-9.083411917622494e-05,0.002803858460610507,0.0003592427058202543,-0.0007149811898673688,0.017435745553009634
gmat_j2,numerical_j2_iau1976_1980,EarthMJ2000Eq,1380.0,2026-02-11T03:40:00Z,0.00010408118685623294,-0.0002778291002503537,0.003915471471573862,0.0006049915194708961,-0.0007441264577207593,0.019619775720620413
gmat_j2,numerical_j2_iau1976_1980,EarthMJ2000Eq,1440.0,2026-02-11T03:41:00Z,9.990949049198804e-05,0.00013186404564782697,0.005158242031864105,0.00016754327462868557,-0.0008108680605920035,0.021804225012787164
gmat_j2,numerical_j2_iau1976_1980,EarthMJ2000Eq,1500.0,2026-02-11T03:42:00Z,0.00014178432127387125,0.0011820583276613609,0.0065315735982087895,-0.0010027615205487682,-0.000821313740410421,0.02396851228376941
gmat_j2,numerical_j2_iau1976_1980,EarthMJ2000Eq,1560.0,2026-02-11T03:43:00Z,0.0001412655867644425,0.0008864745248463706,0.008033632472368029,-0.0006339443155892595,-0.0008829536145554081,0.026091596748197176
gmat_j2,numerical_j2_iau1976_1980,EarthMJ2000Eq,1620.0,2026-02-11T03:44:00Z,0.00018981374354666412,0.0007849198581079509,0.009661317087825546,-0.0004883426044760189,-0.0008853101442142233,0.028152557739898994
gmat_j2,numerical_j2_iau1976_1980,EarthMJ2000Eq,1680.0,2026-02-11T03:45:00Z,0.00015314542236575724,0.0012104752577672166,0.01141027192759386,-0.0009494011216788045,-0.0009802249242889993,0.030130312235738553
gmat_j2,numerical_j2_iau1976_1980,EarthMJ2000Eq,1740.0,2026-02-11T03:46:00Z,0.0003085740207448154,-0.0012496188861142478,0.013274860471606843,0.0018955788007149908,-0.0008647426693015266,0.03200369760383796
gmat_j2,numerical_j2_iau1976_1980,EarthMJ2000Eq,1800.0,2026-02-11T03:47:00Z,0.0001895297814963651,-0.0017634346163355565,0.015248226472135975,0.002505355072559452,-0.0010520515494548033,0.03375223917813583
gmat_j2,numerical_j2_iau1976_1980,EarthMJ2000Eq,1860.0,2026-02-11T03:48:00Z,0.00032732007450677095,0.001018154450168949,0.017322236625140063,-0.0006646807229111018,-0.0009269372871583178,0.03535567319325382
gmat_j2,numerical_j2_iau1976_1980,EarthMJ2000Eq,1920.0,2026-02-11T03:49:00Z,0.00030042373018749,0.000404187881506929,0.019487597529285677,5.285289413313504e-05,-0.0010021730169669514,0.03679386240494476
gmat_j2,numerical_j2_iau1976_1980,EarthMJ2000Eq,1980.0,2026-02-11T03:50:00Z,0.0003483242605198312,0.0004184430210871024,0.021733816690265327,4.6235577960995855e-05,-0.0009852490299603592,0.03804791513044105
gmat_j2,numerical_j2_iau1976_1980,EarthMJ2000Eq,2040.0,2026-02-11T03:51:00Z,0.0003772648262379652,0.00032790403438218515,0.024049296274321348,0.0001548029322358621,-0.000986844453573996,0.03909953801441493
gmat_j2,numerical_j2_iau1976_1980,EarthMJ2000Eq,2100.0,2026-02-11T03:52:00Z,0.00041238917614085075,0.00022127505040317181,0.026421366112350575,0.0002768129743699958,-0.0009777216750139245,0.03993145848326621
gmat_j2,numerical_j2_iau1976_1980,EarthMJ2000Eq,2160.0,2026-02-11T03:53:00Z,0.00043405876030326845,0.0002285248523997905,0.0288363527109901,0.00026258358698284426,-0.0009798907375255415,0.040527479950321375
gmat_j2,numerical_j2_iau1976_1980,EarthMJ2000Eq,2220.0,2026-02-11T03:54:00Z,0.00047746215098721183,-0.0002512462405512437,0.031279647654424064,0.0008020894206713066,-0.0009556689289425313,0.040872696069063866
gmat_j2,numerical_j2_iau1976_1980,EarthMJ2000Eq,2280.0,2026-02-11T03:55:00Z,0.0004985030432834536,-0.0006489109907747091,0.03373578809784226,0.0012427839905199052,-0.0009530243929655765,0.04095350060893467
gmat_j2,numerical_j2_iau1976_1980,EarthMJ2000Eq,2340.0,2026-02-11T03:56:00Z,0.0005362376630011159,-0.0006594389451917455,0.03618854009543113,0.0012331062681551679,-0.0009260166815286322,0.04075787530916044
gmat_j2,numerical_j2_iau1976_1980,EarthMJ2000Eq,2400.0,2026-02-11T03:57:00Z,0.000561071397783129,-0.0007706720583530305,0.0386209996203697,0.0013334715022882931,-0.00091091064425779,0.04027546493945754
gmat_j2,numerical_j2_iau1976_1980,EarthMJ2000Eq,2460.0,2026-02-11T03:58:00Z,0.0005875298649912096,-0.000862502131151688,0.041015688634651916,0.001406184001232772,-0.0008906295590474881,0.03949756730347898
gmat_j2,numerical_j2_iau1976_1980,EarthMJ2000Eq,2520.0,2026-02-11T03:59:00Z,0.0006111353550898664,-0.000956750545807652,0.04335466323638282,0.0014764440800576113,-0.0008705966094628744,0.03841733156150479
gmat_j2,numerical_j2_iau1976_1980,EarthMJ2000Eq,2580.0,2026-02-11T04:00:00Z,0.000632264986517773,-0.0010513669238998392,0.045619625155879445,0.0015423158840573424,-0.0008505057387895819,0.037029832123809864
gmat_j2,numerical_j2_iau1976_1980,EarthMJ2000Eq,2640.0,2026-02-11T04:01:00Z,0.0006506310817692513,-0.0011461842920671061,0.04779204066891975,0.0016039965805461703,-0.0008308296866065415,0.03533214165953242
gmat_j2,numerical_j2_iau1976_1980,EarthMJ2000Eq,2700.0,2026-02-11T04:02:00Z,0.0006659812571823538,-0.0012410411567637264,0.049853261833762486,0.0016617600802802375,-0.0008120215042848908,0.0333233917218625
gmat_j2,numerical_j2_iau1976_1980,EarthMJ2000Eq,2760.0,2026-02-11T04:03:00Z,0.0006780919940400426,-0.0013357868820699208,0.05178465185732463,0.0017159592333076908,-0.0007944920198002692,0.031004833284988636
gmat_j2,numerical_j2_iau1976_1980,EarthMJ2000Eq,2820.0,2026-02-11T04:04:00Z,0.0006867739524121691,-0.0014302776138064132,0.053567714157778015,0.0017670068111156512,-0.0007785997347834988,0.02837989581636982
gmat_j2,numerical_j2_iau1976_1980,EarthMJ2000Eq,2880.0,2026-02-11T04:05:00Z,0.0006917100591333188,-0.001524706970411458,0.055184222340352244,0.0018157034572513929,-0.000764917756808068,0.02545415715081311
gmat_j2,numerical_j2_iau1976_1980,EarthMJ2000Eq,2940.0,2026-02-11T04:06:00Z,0.0006926737327673143,-0.0016176635077206937,0.05661635071856044,0.0018610958632064916,-0.0007538463909910855,0.022235394998411706
gmat_j2,numerical_j2_iau1976_1980,EarthMJ2000Eq,3000.0,2026-02-11T04:07:00Z,0.0006849060796184614,-0.0016912039673208233,0.05784680582219855,0.001883247254350841,-0.0007509262615910963,0.01873357649524395
gmat_j2,numerical_j2_iau1976_1980,EarthMJ2000Eq,3060.0,2026-02-11T04:08:00Z,0.0006906375182287065,-0.0018223915445845105,0.05885895852892737,0.001971553424110336,-0.0007309954087668973,0.014960860896642482
gmat_j2,numerical_j2_iau1976_1980,EarthMJ2000Eq,3120.0,2026-02-11T04:09:00Z,0.0006652823011043556,-0.0009933016683757964,0.05963697207789438,0.0009545409596287021,-0.000743750799559763,0.010931506726607832
gmat_j2,numerical_j2_iau1976_1980,EarthMJ2000Eq,3180.0,2026-02-11T04:10:00Z,0.0006654297637607534,-0.004754090904633143,0.06016592743212433,0.005225949885260221,-0.0007290976191630999,0.006661900964442894
gmat_j2,numerical_j2_iau1976_1980,EarthMJ2000Eq,3240.0,2026-02-11T04:11:00Z,0.0006328899206627393,-0.0013077972455898103,0.06043194539167949,0.0011976772709372029,-0.0007441541561533841,0.002170175094107143
gmat_j2,numerical_j2_iau1976_1980,EarthMJ2000Eq,3300.0,2026-02-11T04:12:00Z,0.0006182530253686608,-0.001201850611088174,0.06042231107627056,0.0010197879496370303,-0.0007395802539827854,-0.002523070532605392
gmat_j2,numerical_j2_iau1976_1980,EarthMJ2000Eq,3360.0,2026-02-11T04:13:00Z,0.000600480296827511,-0.005050996575060755,0.06012558251326081,0.0054012833753222834,-0.0007364422766531083,-0.007395651512597871
gmat_j2,numerical_j2_iau1976_1980,EarthMJ2000Eq,3420.0,2026-02-11T04:14:00Z,0.0005574396896801971,-0.0014973117208837419,0.05953169740609874,0.0012589866984938714,-0.0007611608919698236,-0.012424122689866935
gmat_j2,numerical_j2_iau1976_1980,EarthMJ2000Eq,3480.0,2026-02-11T04:15:00Z,0.0005455223838259982,-0.005175994144180207,0.05863207719796932,0.005452256813231363,-0.0007448644911279027,-0.017582459017120577
gmat_j2,numerical_j2_iau1976_1980,EarthMJ2000Eq,3540.0,2026-02-11T04:16:00Z,0.0004990779691221645,-0.0017326359997574723,0.057419710766141316,0.00144658815243345,-0.0007714572460677009,-0.022844330570085534
gmat_j2,numerical_j2_iau1976_1980,EarthMJ2000Eq,3600.0,2026-02-11T04:17:00Z,0.00047138714175322605,-0.0016207672060338813,0.05588924744796564,0.0012837388719264071,-0.0007718062099580945,-0.028181052846709735
gmat_j2,numerical_j2_iau1976_1980,EarthMJ2000Eq,3660.0,2026-02-11T04:18:00Z,0.0004345311986955531,-0.005449342450521346,0.0540370631651534,0.0056645084823052265,-0.0007740435370044329,-0.03356318139438588
gmat_j2,numerical_j2_iau1976_1980,EarthMJ2000Eq,3720.0,2026-02-11T04:19:00Z,0.00039187927836481035,-0.001960179916230499,0.05186132792804818,0.00162364141499478,-0.0007925018290997307,-0.03896090333832834
gmat_j2,numerical_j2_iau1976_1980,EarthMJ2000Eq,3780.0,2026-02-11T04:20:00Z,0.0003579495581030676,-0.0018484672039707464,0.049362060914150414,0.0014783595589481372,-0.0007929133655033864,-0.044342512403080195
gmat_j2,numerical_j2_iau1976_1980,EarthMJ2000Eq,3840.0,2026-02-11T04:21:00Z,0.00031663563685753633,-0.005678889759601823,0.04654116956706869,0.005877360286215044,-0.0007895510745710283,-0.04967616583947411
gmat_j2,numerical_j2_iau1976_1980,EarthMJ2000Eq,3900.0,2026-02-11T04:22:00Z,0.00026769779057710943,-0.0021090985624820217,0.043402482130145366,0.0017631445548210336,-0.0008107316456390393,-0.05493026370755487
gmat_j2,numerical_j2_iau1976_1980,EarthMJ2000Eq,3960.0,2026-02-11T04:23:00Z,0.00023892724227566844,-0.005780529565545176,0.03995177230888359,0.005989422880026828,-0.0007860925003451855,-0.06007153896368417
gmat_j2,numerical_j2_iau1976_1980,EarthMJ2000Eq,4020.0,2026-02-11T04:24:00Z,0.0001886979377052208,-0.0022599809528388486,0.036196756978826114,0.0019447432253589362,-0.0008050678558997141,-0.06506829599898234
gmat_j2,numerical_j2_iau1976_1980,EarthMJ2000Eq,4080.0,2026-02-11T04:25:00Z,0.00014677976991306357,-0.004440566957008838,0.03214710439050117,0.004465305980737341,-0.000793691340789348,-0.06988753720612731
gmat_j2,numerical_j2_iau1976_1980,EarthMJ2000Eq,4140.0,2026-02-11T04:26:00Z,0.00012090496205444774,-0.004315435706681125,0.027814407630849365,0.004337323497335291,-0.0007684520926059739,-0.07449771109959354
gmat_j2,numerical_j2_iau1976_1980,EarthMJ2000Eq,4200.0,2026-02-11T04:27:00Z,7.635254254536359e-05,-0.00441995027972879,0.02321216076561569,0.0044786210704494105,-0.0007617562346540981,-0.07886731679718612
gmat_j2,numerical_j2_iau1976_1980,EarthMJ2000Eq,4260.0,2026-02-11T04:28:00Z,4.2650329749571276e-05,-0.004467595589356631,0.018355722218240462,0.004558581336969209,-0.0007403999598097655,-0.08296575549202115
gmat_j2,numerical_j2_iau1976_1980,EarthMJ2000Eq,4320.0,2026-02-11T04:29:00Z,-5.963975464500694e-07,-0.0044684493647781575,0.013262255988785386,0.004588474825470678,-0.0007280125806110059,-0.08676336308057381
gmat_j2,numerical_j2_iau1976_1980,EarthMJ2000Eq,4380.0,2026-02-11T04:30:00Z,-1.6169595605671629e-06,-0.004741855495943059,0.007950676460830605,0.004934277927581593,-0.0006639112453875806,-0.0902316111790768
gmat_j2,numerical_j2_iau1976_1980,EarthMJ2000Eq,4440.0,2026-02-11T04:31:00Z,-9.293306298014531e-05,-0.003881051726353652,0.002441560673792606,0.003980330346469945,-0.0007067427562953178,-0.09334338682518921
gmat_j2,numerical_j2_iau1976_1980,EarthMJ2000Eq,4500.0,2026-02-11T04:32:00Z,-2.977902579276286e-05,-0.0012461163179136345,-0.00324290981522344,0.0009900255125713103,-0.0005784887762827956,-0.09607304005770455
gmat_j2,numerical_j2_iau1976_1980,EarthMJ2000Eq,4560.0,2026-02-11T04:33:00Z,-0.00013408412707773795,-0.0049505787765266865,-0.009079085904269094,0.005282437067159709,-0.0006132967273673526,-0.09839612081893367
gmat_j2,numerical_j2_iau1976_1980,EarthMJ2000Eq,4620.0,2026-02-11T04:34:00Z,-0.00012284607745677826,-0.004629289068165344,-0.015041907046616475,0.004951590838214118,-0.0005323606741286002,-0.10029098699968732
gmat_j2,numerical_j2_iau1976_1980,EarthMJ2000Eq,4680.0,2026-02-11T04:35:00Z,-0.0001604372880024322,-0.004667496998978921,-0.021105057303383103,0.005034080818205371,-0.0005054011227966546,-0.10173719003504811
gmat_j2,numerical_j2_iau1976_1980,EarthMJ2000Eq,4740.0,2026-02-11T04:36:00Z,-0.00015081203997843745,-0.0048838454691829715,-0.027241058959893143,0.0053201202591317874,-0.00042338787656244687,-0.1027165931454037
gmat_j2,numerical_j2_iau1976_1980,EarthMJ2000Eq,4800.0,2026-02-11T04:37:00Z,-0.0002163135532505878,-0.004177764131133423,-0.033421421001051665,0.004548020771734655,-0.00043198281757544693,-0.10321335897817992
gmat_j2,numerical_j2_iau1976_1980,EarthMJ2000Eq,4860.0,2026-02-11T04:38:00Z,-0.00011383133652507132,-0.003955909409362059,-0.039616754656330425,0.004327788304665877,-0.0002469466291217471,-0.10321384602164299
gmat_j2,numerical_j2_iau1976_1980,EarthMJ2000Eq,4920.0,2026-02-11T04:39:00Z,-0.0002809373021616983,-0.005740886593323509,-0.045796949562218595,0.006409106481853359,-0.00036300221617551723,-0.10270677803379982
gmat_j2,numerical_j2_iau1976_1980,EarthMJ2000Eq,4980.0,2026-02-11T04:40:00Z,-0.00020374680643142756,-0.0019619266234027944,-0.05193127476133799,0.002109231554443685,-0.00022530777785956713,-0.10168393447492013
gmat_j2,numerical_j2_iau1976_1980,EarthMJ2000Eq,5040.0,2026-02-11T04:41:00Z,-0.00016910223302440657,-0.004447550163629221,-0.057988585203699435,0.004986517545934868,-0.00011146420647925035,-0.10013887203885599
gmat_j2,numerical_j2_iau1976_1980,EarthMJ2000Eq,5100.0,2026-02-11T04:42:00Z,-0.00030044538615135144,-0.005522977063718052,-0.06393744777035512,0.0062459451759855926,-0.0001963614910566233,-0.09806846447711391
gmat_j2,numerical_j2_iau1976_1980,EarthMJ2000Eq,5160.0,2026-02-11T04:43:00Z,-0.00018630188161706748,-0.002320936629173234,-0.06974629651249459,0.002601877285654352,-2.095330117938278e-05,-0.09547210975220136
gmat_j2,numerical_j2_iau1976_1980,EarthMJ2000Eq,5220.0,2026-02-11T04:44:00Z,-0.0002300758840206709,-0.002913403294082574,-0.07538362447454482,0.0033018206775225103,-1.431509967586276e-05,-0.09235165468528898
gmat_j2,numerical_j2_iau1976_1980,EarthMJ2000Eq,5280.0,2026-02-11T04:45:00Z,-0.00026860848703887124,-0.002364095664160918,-0.08081811767915363,0.002691446314213103,-9.89296506809943e-06,-0.08871201767275295
gmat_j2,numerical_j2_iau1976_1980,EarthMJ2000Eq,5340.0,2026-02-11T04:46:00Z,-0.0001682209629975603,-0.004288647543747818,-0.0860188363048072,0.004908264185675931,0.00015727279764124184,-0.08456070366144176
gmat_j2,numerical_j2_iau1976_1980,EarthMJ2000Eq,5400.0,2026-02-11T04:47:00Z,-0.00029328688405266183,-0.005507322241806968,-0.09095537928718325,0.006315231900258057,5.936033724695159e-05,-0.07990804578201471
gmat_j2,numerical_j2_iau1976_1980,EarthMJ2000Eq,5460.0,2026-02-11T04:48:00Z,-0.0002149171571779386,-0.001937129838350468,-0.09559803925949961,0.0022396703347142494,0.0001736845028326777,-0.07476708069279418
gmat_j2,numerical_j2_iau1976_1980,EarthMJ2000Eq,5520.0,2026-02-11T04:49:00Z,-0.00021683623154908165,-0.003962530282272091,-0.0999179748703389,0.0045631201773363925,0.00020790102815399633,-0.06915342358060864
gmat_j2,numerical_j2_iau1976_1980,EarthMJ2000Eq,5580.0,2026-02-11T04:50:00Z,-0.00023059287349833495,-0.006886414357984556,-0.10388736295175956,0.007911045425368324,0.00022433516880190094,-0.06308548146947017
gmat_j2,numerical_j2_iau1976_1980,EarthMJ2000Eq,5640.0,2026-02-11T04:51:00Z,-0.00024293856527497553,-0.0045612369589514016,-0.10747955718000089,0.005254068665031691,0.00022257452903769572,-0.056584043594378734
gmat_j2,numerical_j2_iau1976_1980,EarthMJ2000Eq,5700.0,2026-02-11T04:52:00Z,-0.00022564154965807023,-0.0020094065580756187,-0.11066923984608464,0.0023369831304785307,0.00024956030634220563,-0.04967253222086783
gmat_j2,numerical_j2_iau1976_1980,EarthMJ2000Eq,5760.0,2026-02-11T04:53:00Z,-0.0001583744170943348,-0.005261773185227096,-0.11343257469943453,0.006053900638577686,0.0003382425348149327,-0.042376940414178915
gmat_j2,numerical_j2_iau1976_1980,EarthMJ2000Eq,5820.0,2026-02-11T04:54:00Z,-0.00028557620654164767,-0.004697520396201045,-0.11574733937526566,0.005407390772554303,0.00019223447428534806,-0.034725253501667074
gmat_j2,numerical_j2_iau1976_1980,EarthMJ2000Eq,5880.0,2026-02-11T04:55:00Z,-0.00016559547678624144,-0.0022940994558513354,-0.11759308102871126,0.002657801266285646,0.00031993729441598525,-0.02674790667171905
gmat_j2,numerical_j2_iau1976_1980,EarthMJ2000Eq,5940.0,2026-02-11T04:56:00Z,-0.00020558767054267384,-0.0028588869527036266,-0.11895121946270418,0.003301080542849899,0.0002629636387053676,-0.01847747738336559
gmat_j2,numerical_j2_iau1976_1980,EarthMJ2000Eq,6000.0,2026-02-11T04:57:00Z,-0.00024491626165708665,-0.0022050791069897846,-0.11980519300968262,0.002551754053249668,0.00019984709286560568,-0.009948349034364925
gmat_j2,numerical_j2_iau1976_1980,EarthMJ2000Eq,6060.0,2026-02-11T04:58:00Z,-0.00012637178362437593,-0.005043717932796631,-0.1201405681145792,0.005794227432805663,0.00031139741358384625,-0.0011969953794929713
gmat_j2,numerical_j2_iau1976_1980,EarthMJ2000Eq,6120.0,2026-02-11T04:59:00Z,-0.0002714834170914484,-0.004561939357561969,-0.11994512321229696,0.00524320679963303,0.00011603758731305987,0.007738805961594375
gmat_j2,numerical_j2_iau1976_1980,EarthMJ2000Eq,6180.0,2026-02-11T05:00:00Z,-0.00015096636320760266,-0.0021655309197618385,-0.11920899478696109,0.0025055326814075285,0.00021889596089795082,0.01681944753106777
gmat_j2,numerical_j2_iau1976_1980,EarthMJ2000Eq,6240.0,2026-02-11T05:01:00Z,-0.000207263442863126,-0.0026425402052365184,-0.1179247039941279,0.003053213694303131,0.0001146394051861858,0.026003809665729172
gmat_j2,numerical_j2_iau1976_1980,EarthMJ2000Eq,6300.0,2026-02-11T05:02:00Z,-0.0001894266771553356,-0.002524115342884665,-0.11608728898148242,0.002922365370455392,9.046014127843464e-05,0.035249863992182724
gmat_j2,numerical_j2_iau1976_1980,EarthMJ2000Eq,6360.0,2026-02-11T05:03:00Z,-0.00017415110055638252,-0.0025960292721179962,-0.11369433764155254,0.0030112576964594277,5.892670330864005e-05,0.044514400430216074
gmat_j2,numerical_j2_iau1976_1980,EarthMJ2000Eq,6420.0,2026-02-11T05:04:00Z,-0.0002243574462039142,-0.0021222107597688874,-0.11074605486259831,0.0024783814451367317,-5.0130145045824394e-05,0.05375342306400796
gmat_j2,numerical_j2_iau1976_1980,EarthMJ2000Eq,6480.0,2026-02-11T05:05:00Z,-9.553991970321252e-05,-0.004611709995044389,-0.1072453213687902,0.00533630865945537,3.586184955977498e-05,0.06292207159435409
gmat_j2,numerical_j2_iau1976_1980,EarthMJ2000Eq,6540.0,2026-02-11T05:06:00Z,-0.0002850335218711939,-0.0032117380056425485,-0.10319768145231534,0.0037489253877372266,-0.0002363114235022458,0.07197554999370047
gmat_j2,numerical_j2_iau1976_1980,EarthMJ2000Eq,6600.0,2026-02-11T05:07:00Z,-5.1751287736057745e-05,-0.0038120662915615364,-0.09861145236356961,0.004452952466005061,-3.328561011737867e-05,0.08086814461579236
gmat_j2,numerical_j2_iau1976_1980,EarthMJ2000Eq,6660.0,2026-02-11T05:08:00Z,-0.00023215014641659354,-0.003883500688695226,-0.09349760503090392,0.0045526948394,-0.00030231220469613206,0.0895545671472026
gmat_j2,numerical_j2_iau1976_1980,EarthMJ2000Eq,6720.0,2026-02-11T05:09:00Z,-0.0001583102890016589,-0.0009107596796265185,-0.08786990315015358,0.0011736618464323985,-0.0002737197228607598,0.09798968290493718
gmat_j2,numerical_j2_iau1976_1980,EarthMJ2000Eq,6780.0,2026-02-11T05:10:00Z,-6.763534058344526e-05,-0.004397610051170418,-0.08174477143511846,0.005186343068553563,-0.00024594696305254925,0.10612808522724768
gmat_j2,numerical_j2_iau1976_1980,EarthMJ2000Eq,6840.0,2026-02-11T05:11:00Z,-0.00023357404815962216,-0.0033710148405242594,-0.0751413105102702,0.004035586565856189,-0.0004971929683515393,0.11392611876954546
gmat_j2,numerical_j2_iau1976_1980,EarthMJ2000Eq,6900.0,2026-02-11T05:12:00Z,-4.7918181401686306e-05,-0.003395803213146466,-0.06808129554682417,0.00409165550406318,-0.00035017165987112446,0.12134003037125242
gmat_j2,numerical_j2_iau1976_1980,EarthMJ2000Eq,6960.0,2026-02-11T05:13:00Z,-9.627834840417331e-05,-0.006387657165858881,-0.060589018051070635,0.0075441173185789604,-0.000480646458888788,0.12832732212130107
gmat_j2,numerical_j2_iau1976_1980,EarthMJ2000Eq,7020.0,2026-02-11T05:14:00Z,-0.00016502911520708342,-0.0029299328954615093,-0.05269131781428441,0.0036130252857788678,-0.0006085538086912188,0.13484741642110235
gmat_j2,numerical_j2_iau1976_1980,EarthMJ2000Eq,7080.0,2026-02-11T05:15:00Z,2.9337983545709934e-05,-0.003997019979067184,-0.04441745726983893,0.004865170255715252,-0.0004513503677332092,0.14086008025513475
gmat_j2,numerical_j2_iau1976_1980,EarthMJ2000Eq,7140.0,2026-02-11T05:16:00Z,-0.00012616657143374124,-0.004019239865430943,-0.03579898374732777,0.004917698548437039,-0.0006877758764570611,0.14632772919766007
gmat_j2,numerical_j2_iau1976_1980,EarthMJ2000Eq,7200.0,2026-02-11T05:17:00Z,-4.5497146311488575e-05,-0.0010787443635428273,-0.026869719749878365,0.0015762138812361554,-0.0006386537866599514,0.1512145109813819
gmat_j2,numerical_j2_iau1976_1980,EarthMJ2000Eq,7260.0,2026-02-11T05:18:00Z,6.552956467720532e-05,-0.0046354741351101415,-0.017665539447761808,0.005679558731061332,-0.0005797764659080484,0.1554861293658222
gmat_j2,numerical_j2_iau1976_1980,EarthMJ2000Eq,7320.0,2026-02-11T05:19:00Z,-0.00010744533378622004,-0.0034188384977132088,-0.008224276404540435,0.00430747136875202,-0.0008220518276784516,0.15911173438859236
gmat_j2,numerical_j2_iau1976_1980,EarthMJ2000Eq,7380.0,2026-02-11T05:20:00Z,0.00012306533329860798,-0.004155310058179732,0.0014143851914602723,0.005175850525726551,-0.0006071140445331733,0.16206210116804695
gmat_j2,numerical_j2_iau1976_1980,EarthMJ2000Eq,7440.0,2026-02-11T05:21:00Z,3.910256123892221e-05,-0.004770710205853413,0.011209169568352674,0.005899743989066852,-0.000748230777042925,0.1643112163312145
gmat_j2,numerical_j2_iau1976_1980,EarthMJ2000Eq,7500.0,2026-02-11T05:22:00Z,6.788748335027378e-05,-0.0017306557627422676,0.021117272893888414,0.0024272138440074244,-0.0007396201988925135,0.1658360968491788
gmat_j2,numerical_j2_iau1976_1980,EarthMJ2000Eq,7560.0,2026-02-11T05:23:00Z,0.00012425470415767923,-0.005117360824427524,0.03109461471559969,0.006326633814101307,-0.0007245824156456258,0.16661612065874215
gmat_j2,numerical_j2_iau1976_1980,EarthMJ2000Eq,7620.0,2026-02-11T05:24:00Z,0.0001422686205103801,-0.005755629495689715,0.04109600458650462,0.007067943836275251,-0.0007367455515825283,0.16663498859006665
gmat_j2,numerical_j2_iau1976_1980,EarthMJ2000Eq,7680.0,2026-02-11T05:25:00Z,0.00013532511319292335,-0.0019397005966175602,0.05107534804772171,0.002689351266737827,-0.0007535826442022053,0.16587944497937213
gmat_j2,numerical_j2_iau1976_1980,EarthMJ2000Eq,7740.0,2026-02-11T05:26:00Z,0.00022661132401544996,-0.005462761596690415,0.06098585768428858,0.006735177208409001,-0.0006857294710246854,0.16433932112957816
gmat_j2,numerical_j2_iau1976_1980,EarthMJ2000Eq,7800.0,2026-02-11T05:27:00Z,0.00017890283361420952,-0.002187403690099496,0.07078027832902242,0.002964912416745708,-0.0007440565644569918,0.16200902270491743
gmat_j2,numerical_j2_iau1976_1980,EarthMJ2000Eq,7860.0,2026-02-11T05:28:00Z,0.00026748514982039397,-0.005370032884467451,0.08041109415009302,0.006611155869731045,-0.000668831499197587,0.1588859143626945
gmat_j2,numerical_j2_iau1976_1980,EarthMJ2000Eq,7920.0,2026-02-11T05:29:00Z,0.0002743600922802145,-0.006038631431098246,0.08983078148876868,0.007362878115528674,-0.0006727608203620048,0.15497188034947076
gmat_j2,numerical_j2_iau1976_1980,EarthMJ2000Eq,7980.0,2026-02-11T05:30:00Z,0.00027052707035562726,-0.0022527655945296862,0.0989920259874966,0.0029872660328801913,-0.0006681077866009808,0.1502725232093355
gmat_j2,numerical_j2_iau1976_1980,EarthMJ2000Eq,8040.0,2026-02-11T05:31:00Z,0.0003340183448490177,-0.0055689775877744456,0.10784797072121607,0.006773435314742151,-0.000609159050994468,0.14479722841819712
gmat_j2,numerical_j2_iau1976_1980,EarthMJ2000Eq,8100.0,2026-02-11T05:32:00Z,0.0003418642066318526,-0.0062222086026166605,0.11635245709596771,0.007492074191862828,-0.0006004641861939717,0.13855980947422214
gmat_j2,numerical_j2_iau1976_1980,EarthMJ2000Eq,8160.0,2026-02-11T05:33:00Z,0.00032675936801457626,-0.002376102033379037,0.12446026280162369,0.003028794112240266,-0.0006003612342597892,0.1315778834135169
gmat_j2,numerical_j2_iau1976_1980,EarthMJ2000Eq,8220.0,2026-02-11T05:34:00Z,0.0003995477037932452,-0.005976764695155063,0.13212734540541873,0.0071298867381375435,-0.0005194927297421498,0.1238730374228607
gmat_j2,numerical_j2_iau1976_1980,EarthMJ2000Eq,8280.0,2026-02-11T05:35:00Z,0.0004189401103689179,-0.0037730781878697896,0.13931108229117795,0.004546837826168627,-0.0004796345627354509,0.11547098103942095
gmat_j2,numerical_j2_iau1976_1980,EarthMJ2000Eq,8340.0,2026-02-11T05:36:00Z,0.0003630584700231444,-0.007243229712778305,0.14597050212446896,0.008490733213205237,-0.0005390856744324353,0.1064011335128052
gmat_j2,numerical_j2_iau1976_1980,EarthMJ2000Eq,8400.0,2026-02-11T05:37:00Z,0.0004138084397425847,-0.0034805527581551494,0.15206652416188784,0.004105119613986348,-0.00045533269079741295,0.0966969078962288
gmat_j2,numerical_j2_iau1976_1980,EarthMJ2000Eq,8460.0,2026-02-11T05:38:00Z,0.00039389573340936005,-0.0038028060600470547,0.15756217978819329,0.004419309474623957,-0.0004607068484256169,0.08639542423168116
gmat_j2,numerical_j2_iau1976_1980,EarthMJ2000Eq,8520.0,2026-02-11T05:39:00Z,0.00039984257179938174,-0.0038160090799006317,0.162422833753153,0.0043757127716551455,-0.0004334450191865281,0.07553726917302882
gmat_j2,numerical_j2_iau1976_1980,EarthMJ2000Eq,8580.0,2026-02-11T05:40:00Z,0.000394308693383566,-0.0038700503612764626,0.16661638986489705,0.004377733436216991,-0.00041751003202683903,0.06416647810025183
gmat_j2,numerical_j2_iau1976_1980,EarthMJ2000Eq,8640.0,2026-02-11T05:41:00Z,0.0003930037430458232,-0.003952221194058224,0.17011349217077634,0.004411491875745681,-0.00039483526057488086,0.05233030891997619
gmat_j2,numerical_j2_iau1976_1980,EarthMJ2000Eq,8700.0,2026-02-11T05:42:00Z,0.00035934783506294776,-0.0038481483469605966,0.17288771091282903,0.004230731908866033,-0.00040765788180017733,0.04007903043324018
gmat_j2,numerical_j2_iau1976_1980,EarthMJ2000Eq,8760.0,2026-02-11T05:43:00Z,0.00038904626900906284,-0.004478557776979438,0.17491572124763197,0.004896826375191602,-0.000345893949210186,0.027465744432752123
gmat_j2,numerical_j2_iau1976_1980,EarthMJ2000Eq,8820.0,2026-02-11T05:44:00Z,0.00031470337773581116,-0.007592284754519071,0.17617745295243628,0.008425044679059706,-0.00040256817820785566,0.014546141745928522
gmat_j2,numerical_j2_iau1976_1980,EarthMJ2000Eq,8880.0,2026-02-11T05:45:00Z,0.0003371145578545435,-0.0039005729590754854,0.17665625462169457,0.0041158661120164015,-0.0003457419501686455,0.0013778071065416071
gmat_j2,numerical_j2_iau1976_1980,EarthMJ2000Eq,8940.0,2026-02-11T05:46:00Z,0.000289232201441908,-0.0041974720214240984,0.1763389996212253,0.004404218663710875,-0.00036866465718529413,-0.011978963199185799
gmat_j2,numerical_j2_iau1976_1980,EarthMJ2000Eq,9000.0,2026-02-11T05:47:00Z,0.00026791258823804923,-0.004203206405019287,0.17521621798722956,0.004360626365313101,-0.0003594514989252385,-0.0254626814001637
gmat_j2,numerical_j2_iau1976_1980,EarthMJ2000Eq,9060.0,2026-02-11T05:48:00Z,0.0002332073595402163,-0.004224830573268026,0.1732821770136811,0.004339383424150381,-0.00036417503379872467,-0.03901029319166634
gmat_j2,numerical_j2_iau1976_1980,EarthMJ2000Eq,9120.0,2026-02-11T05:49:00Z,0.00020382680974697612,-0.004340706923836838,0.1705349630114929,0.0044312363843752155,-0.000361036626998707,-0.05255766329784133
gmat_j2,numerical_j2_iau1976_1980,EarthMJ2000Eq,9180.0,2026-02-11T05:50:00Z,0.00015256801184162732,-0.0050724445605771495,0.1669765332584105,0.005237251052506657,-0.00038014390618952397,-0.06603986525968275
gmat_j2,numerical_j2_iau1976_1980,EarthMJ2000Eq,9240.0,2026-02-11T05:51:00Z,0.00015427475847364016,-0.006539554759613694,0.16261275937762446,0.006894758043321022,-0.00033417326704210615,-0.07939151926443778
gmat_j2,numerical_j2_iau1976_1980,EarthMJ2000Eq,9300.0,2026-02-11T05:52:00Z,4.7853291976408834e-05,-0.006863266321099061,0.15745342621350986,0.007241568039382177,-0.0004133957776001733,-0.0925473329491899
gmat_j2,numerical_j2_iau1976_1980,EarthMJ2000Eq,9360.0,2026-02-11T05:53:00Z,4.466940412099712e-05,-0.003271602138920722,0.151512255001685,0.003086799224446486,-0.0003819139171593165,-0.10544227581500033
gmat_j2,numerical_j2_iau1976_1980,EarthMJ2000Eq,9420.0,2026-02-11T05:54:00Z,6.631826952472483e-05,-0.005464942036528356,0.14480684990349565,0.005597128535686037,-0.00030517855798946054,-0.11801123182123491
gmat_j2,numerical_j2_iau1976_1980,EarthMJ2000Eq,9480.0,2026-02-11T05:55:00Z,-0.00014194669993388597,-0.006689113542482465,0.13735865218325685,0.006998950824886837,-0.0004938235874767434,-0.13019092771226756
gmat_j2,numerical_j2_iau1976_1980,EarthMJ2000Eq,9540.0,2026-02-11T05:56:00Z,1.7633573209447713e-05,-0.004942675422939055,0.1291929289698147,0.004986259589811631,-0.0002655463351034049,-0.14191910004117744
gmat_j2,numerical_j2_iau1976_1980,EarthMJ2000Eq,9600.0,2026-02-11T05:57:00Z,-0.0001938368257620978,-0.0071964805903824485,0.12033857795464066,0.007583924632492096,-0.0004498565310310407,-0.1531345701665897
gmat_j2,numerical_j2_iau1976_1980,EarthMJ2000Eq,9660.0,2026-02-11T05:58:00Z,-0.00015895521761696054,-0.0033387136273696797,0.11082815321913567,0.003156352348800408,-0.0003700439375767002,-0.16377906377432255
gmat_j2,numerical_j2_iau1976_1980,EarthMJ2000Eq,9720.0,2026-02-11T05:59:00Z,-0.00015880567216186302,-0.005483028307708362,0.10069763304745256,0.005636943146779465,-0.0003063229202806603,-0.17379525561870687
gmat_j2,numerical_j2_iau1976_1980,EarthMJ2000Eq,9780.0,2026-02-11T06:00:00Z,-0.0003158599778037262,-0.007071340763311292,0.08998632392076988,0.007483638463700481,-0.0004232502962816352,-0.18312944082951063
gmat_j2,numerical_j2_iau1976_1980,EarthMJ2000Eq,9840.0,2026-02-11T06:01:00Z,-0.00024418115648307015,-0.0036912690967827867,0.07873671890148942,0.0036229078848321506,-0.00029545923175563625,-0.19173060364435912
gmat_j2,numerical_j2_iau1976_1980,EarthMJ2000Eq,9900.0,2026-02-11T06:02:00Z,-0.00033289954231109365,-0.004170766848016817,0.06699426070558849,0.004203749073491267,-0.0003347819319895994,-0.1995500558657326
gmat_j2,numerical_j2_iau1976_1980,EarthMJ2000Eq,9960.0,2026-02-11T06:03:00Z,-0.00034752815101026635,-0.004128461234863259,0.0548072114768871,0.004188077993481753,-0.0002894209923615176,-0.2065432180186079
gmat_j2,numerical_j2_iau1976_1980,EarthMJ2000Eq,10020.0,2026-02-11T06:04:00Z,-0.00039770295090635734,-0.003976206945898668,0.04222640142468935,0.004049749891619239,-0.000283992729608521,-0.21266882196793516
gmat_j2,numerical_j2_iau1976_1980,EarthMJ2000Eq,10080.0,2026-02-11T06:05:00Z,-0.0004071593141543039,-0.004912105642403305,0.029305029654338625,0.005162299012326495,-0.00022563617153553275,-0.21788940337385815
gmat_j2,numerical_j2_iau1976_1980,EarthMJ2000Eq,10140.0,2026-02-11T06:06:00Z,-0.0004666668785997167,-0.00570488983215969,0.016098416907898275,0.006111945508254115,-0.00022446449200009646,-0.222171494299646
gmat_j2,numerical_j2_iau1976_1980,EarthMJ2000Eq,10200.0,2026-02-11T06:07:00Z,-0.0004675380552636973,-0.005464355470021531,0.0026637763009904614,0.005876557122990873,-0.00016005894779016968,-0.22548589370027503
gmat_j2,numerical_j2_iau1976_1980,EarthMJ2000Eq,10260.0,2026-02-11T06:08:00Z,-0.0004978066440434359,-0.00548745002128754,-0.010940063305732793,0.005944732578711573,-0.00012793580325779519,-0.22780765257804478
gmat_j2,numerical_j2_iau1976_1980,EarthMJ2000Eq,10320.0,2026-02-11T06:09:00Z,-0.0005159809616626099,-0.005454054532366726,-0.024652905993003085,0.005948242143108619,-8.222730470374849e-05,-0.2291163381047075
gmat_j2,numerical_j2_iau1976_1980,EarthMJ2000Eq,10380.0,2026-02-11T06:10:00Z,-0.0005327692368966957,-0.005421463661198946,-0.0384134688815478,0.00595231951964101,-3.533593925837438e-05,-0.22939610209851394
gmat_j2,numerical_j2_iau1976_1980,EarthMJ2000Eq,10440.0,2026-02-11T06:11:00Z,-0.000546898732610304,-0.00538492646400925,-0.05215965738699629,0.005950906164218499,1.3774855493615338e-05,-0.22863576235049746
gmat_j2,numerical_j2_iau1976_1980,EarthMJ2000Eq,10500.0,2026-02-11T06:12:00Z,-0.0005584474166049722,-0.0053445055584848454,-0.06582884861733994,0.005943589750984954,6.459152727598843e-05,-0.2268288944599962
gmat_j2,numerical_j2_iau1976_1980,EarthMJ2000Eq,10560.0,2026-02-11T06:13:00Z,-0.0005675303021154422,-0.005300304790702677,-0.07935817797937442,0.005930043689321724,0.0001165779394780341,-0.2239738694561499
gmat_j2,numerical_j2_iau1976_1980,EarthMJ2000Eq,10620.0,2026-02-11T06:14:00Z,-0.0005742773044920398,-0.005252434769268794,-0.09268482787260397,0.005910023962948684,0.00016914044331095419,-0.22007388559614569
gmat_j2,numerical_j2_iau1976_1980,EarthMJ2000Eq,10680.0,2026-02-11T06:15:00Z,-0.0005788451912876804,-0.00520104602628331,-0.10574631695029117,0.005883375884112037,0.00022166141526350628,-0.21513695374688954
gmat_j2,numerical_j2_iau1976_1980,EarthMJ2000Eq,10740.0,2026-02-11T06:16:00Z,-0.0005803771899567087,-0.005151741089041778,-0.11848078979602629,0.005856321133175093,0.0002747758650918851,-0.2091759233802816
gmat_j2,numerical_j2_iau1976_1980,EarthMJ2000Eq,10800.0,2026-02-11T06:17:00Z,-0.0005911181135001146,-0.005032558807286504,-0.1308273045420087,0.005746321917442533,0.0003138068523344327,-0.20220838489227932
gmat_j2,numerical_j2_iau1976_1980,EarthMJ2000Eq,10860.0,2026-02-11T06:18:00Z,-0.0005552573529124285,-0.005317306413883618,-0.1427261159659444,0.0060951005450533835,0.0004036295381751008,-0.19425663155882916
gmat_j2,numerical_j2_iau1976_1980,EarthMJ2000Eq,10920.0,2026-02-11T06:19:00Z,-0.0006026482223516414,-0.003617349481386651,-0.15411895828605762,0.00417084718618344,0.000388478536685223,-0.1853476548491606
gmat_j2,numerical_j2_iau1976_1980,EarthMJ2000Eq,10980.0,2026-02-11T06:20:00Z,-0.0005373977695462143,-0.006779156474855873,-0.1649493152898565,0.007803477598640232,0.0005111018858734514,-0.1755128055032424
gmat_j2,numerical_j2_iau1976_1980,EarthMJ2000Eq,11040.0,2026-02-11T06:21:00Z,-0.0006063144446345539,-0.004198117235694315,-0.17516269291806325,0.0048651990052117206,0.0004595121512515018,-0.1647880369352661
gmat_j2,numerical_j2_iau1976_1980,EarthMJ2000Eq,11100.0,2026-02-11T06:22:00Z,-0.000561914299762403,-0.0029144128531204323,-0.184706882051249,0.003407474710893212,0.0005362930207931862,-0.15321357610708106
gmat_j2,numerical_j2_iau1976_1980,EarthMJ2000Eq,11160.0,2026-02-11T06:23:00Z,-0.0005272562903386713,-0.006793358453280626,-0.1935322102366038,0.00784968814200592,0.0006076561031605175,-0.14083377536294286
gmat_j2,numerical_j2_iau1976_1980,EarthMJ2000Eq,11220.0,2026-02-11T06:24:00Z,-0.0006113920118507359,-0.0036012252959383645,-0.20159178001623662,0.00420546537126431,0.0005234685319053038,-0.1276967640189693
gmat_j2,numerical_j2_iau1976_1980,EarthMJ2000Eq,11280.0,2026-02-11T06:25:00Z,-0.000491742933685337,-0.006379057860836839,-0.20884171305706664,0.007382732414438339,0.0006761124752208095,-0.1138548030899553
gmat_j2,numerical_j2_iau1976_1980,EarthMJ2000Eq,11340.0,2026-02-11T06:26:00Z,-0.0005777178056166159,-0.003825216366172266,-0.21524135100676747,0.004464392769869371,0.0005806829409852902,-0.09936330522229693
gmat_j2,numerical_j2_iau1976_1980,EarthMJ2000Eq,11400.0,2026-02-11T06:27:00Z,-0.0005320491462771597,-0.0025588626130240606,-0.22075348831328132,0.003015747836947276,0.0006317599343412864,-0.08428141289332818
gmat_j2,numerical_j2_iau1976_1980,EarthMJ2000Eq,11460.0,2026-02-11T06:28:00Z,-0.0005001198652502577,-0.006370161078017551,-0.22534454693162928,0.007368913077034639,0.0006647166313655517,-0.06867138909356195
gmat_j2,numerical_j2_iau1976_1980,EarthMJ2000Eq,11520.0,2026-02-11T06:29:00Z,-0.0005496995232962609,-0.0035602943411709577,-0.2289847652082204,0.004154398182118394,0.000594847217564166,-0.052597931715268345
gmat_j2,numerical_j2_iau1976_1980,EarthMJ2000Eq,11580.0,2026-02-11T06:30:00Z,-0.0005156723305540165,-0.002344583049722334,-0.23164837124317056,0.002761132173808764,0.0006158593921288042,-0.036128949639984635
gmat_j2,numerical_j2_iau1976_1980,EarthMJ2000Eq,11640.0,2026-02-11T06:31:00Z,-0.00048224111711798936,-0.006146548204930809,-0.233313719281929,0.007102040981087468,0.0006293584933592968,-0.019334638669196547
gmat_j2,numerical_j2_iau1976_1980,EarthMJ2000Eq,11700.0,2026-02-11T06:32:00Z,-0.0005170596875294723,-0.00397622887526176,-0.2339634301576642,0.004618048308151785,0.0005616314147616748,-0.0022867279876031092
gmat_j2,numerical_j2_iau1976_1980,EarthMJ2000Eq,11760.0,2026-02-11T06:33:00Z,-0.00048652613549093773,-0.0037730694779054713,-0.23358451634791658,0.004382903027811319,0.0005618727466016599,0.014940526212173023
gmat_j2,numerical_j2_iau1976_1980,EarthMJ2000Eq,11820.0,2026-02-11T06:34:00Z,-0.0004919522060966839,-0.0016364272654453432,-0.23216846622763543,0.0019388249151275176,0.0005188730826471918,0.03227185139826203
gmat_j2,numerical_j2_iau1976_1980,EarthMJ2000Eq,11880.0,2026-02-11T06:35:00Z,-0.00048663238650840284,-0.005288613539092291,-0.22971133872208996,0.00611272412471075,0.0004754211569236915,0.04963016590409062
gmat_j2,numerical_j2_iau1976_1980,EarthMJ2000Eq,11940.0,2026-02-11T06:36:00Z,-0.0004870944570599594,-0.00502899113444441,-0.2262138206404995,0.005817182740297546,0.0004262802990701373,0.06693836447285345
gmat_j2,numerical_j2_iau1976_1980,EarthMJ2000Eq,12000.0,2026-02-11T06:37:00Z,-0.000477637358162951,-0.001445845485023605,-0.22168127318558772,0.0017237394257459554,0.00039185347207438886,0.08411829976680239
gmat_j2,numerical_j2_iau1976_1980,EarthMJ2000Eq,12060.0,2026-02-11T06:38:00Z,-0.00047022985658968575,-0.005121753687807101,-0.21612375233343187,0.00593178729292034,0.00033617518419664375,0.10109103200241792
gmat_j2,numerical_j2_iau1976_1980,EarthMJ2000Eq,12120.0,2026-02-11T06:39:00Z,-0.0004719974640698743,-0.004861159084808788,-0.2095560179770592,0.0056413062476957584,0.0002757083508423688,0.11777886218506779
gmat_j2,numerical_j2_iau1976_1980,EarthMJ2000Eq,12180.0,2026-02-11T06:40:00Z,-0.0004568334791137277,-0.001331887690341157,-0.20199751700963117,0.0016143654724126034,0.00024188079852410806,0.13410390686749285
gmat_j2,numerical_j2_iau1976_1980,EarthMJ2000Eq,12240.0,2026-02-11T06:41:00Z,-0.0004628099899476225,-0.004848499585821293,-0.1934723418630511,0.0056489130312067605,0.00016159451846913575,0.14998849993783933
gmat_j2,numerical_j2_iau1976_1980,EarthMJ2000Eq,12300.0,2026-02-11T06:42:00Z,-0.0004484564833241174,-0.0012015120472447108,-0.18400918510037004,0.0014903895879188494,0.00012577267240824428,0.16535747664644665
gmat_j2,numerical_j2_iau1976_1980,EarthMJ2000Eq,12360.0,2026-02-11T06:43:00Z,-0.00043490872028962825,-0.00491484941733916,-0.1736412486098101,0.005756172865436082,6.356716373644946e-05,0.18013550008104082
gmat_j2,numerical_j2_iau1976_1980,EarthMJ2000Eq,12420.0,2026-02-11T06:44:00Z,-0.0004341863212353636,-0.00465628952136388,-0.162406156382014,0.0054788652496830115,3.8841830099400564e-08,0.19425051860404
gmat_j2,numerical_j2_iau1976_1980,EarthMJ2000Eq,12480.0,2026-02-11T06:45:00Z,-0.0004229245076343458,-0.0011525304535983105,-0.15034583220399364,0.0014875007564260506,-3.819669360971194e-05,0.2076319350931262
gmat_j2,numerical_j2_iau1976_1980,EarthMJ2000Eq,12540.0,2026-02-11T06:46:00Z,-0.00045045258737189304,-0.0047376921811688195,-0.13750635248800633,0.005614966755192895,-0.00014814969894272345,0.22021113772284867
gmat_j2,numerical_j2_iau1976_1980,EarthMJ2000Eq,12600.0,2026-02-11T06:47:00Z,-0.00034538831095375045,-0.004396837233677867,-0.12393781042778937,0.005248644241005075,-8.911020808896196e-05,0.23192346735632882
gmat_j2,numerical_j2_iau1976_1980,EarthMJ2000Eq,12660.0,2026-02-11T06:48:00Z,-0.00044186973393752757,-0.0031308674272308465,-0.10969409125511549,0.003821069604692991,-0.00025454528767647163,0.24270675237161846
gmat_j2,numerical_j2_iau1976_1980,EarthMJ2000Eq,12720.0,2026-02-11T06:49:00Z,-0.0003190109375553711,-0.0011144031865225092,-0.094832735992994,0.0015347418909766116,-0.00016295056999737163,0.25250239976129646
gmat_j2,numerical_j2_iau1976_1980,EarthMJ2000Eq,12780.0,2026-02-11T06:50:00Z,-0.00038013675859370597,-0.004597164408327157,-0.07941464759149783,0.005549969456551646,-0.00030345320787457413,0.261255351158794
gmat_j2,numerical_j2_iau1976_1980,EarthMJ2000Eq,12840.0,2026-02-11T06:51:00Z,-0.0003189078065743548,-0.004128380464193077,-0.0635039270611832,0.005036269397465801,-0.00028313653416167634,0.268915452965691
gmat_j2,numerical_j2_iau1976_1980,EarthMJ2000Eq,12900.0,2026-02-11T06:52:00Z,-0.00031269660830344505,-0.004204263390681377,-0.047167558592683206,0.005145441586913274,-0.00032467809485537454,0.2754362409881002
gmat_j2,numerical_j2_iau1976_1980,EarthMJ2000Eq,12960.0,2026-02-11T06:53:00Z,-0.00029114345834975507,-0.004196622369103483,-0.030475173372267867,0.0051573040063897,-0.00034438057912507833,0.2807762008384578
gmat_j2,numerical_j2_iau1976_1980,EarthMJ2000Eq,13020.0,2026-02-11T06:54:00Z,-0.00027015701556424844,-0.0041985208952893035,-0.013498743656627461,0.005177949725276023,-0.00036062981213485227,0.28489873417117456
gmat_j2,numerical_j2_iau1976_1980,EarthMJ2000Eq,13080.0,2026-02-11T06:55:00Z,-0.000248297458997021,-0.004202657448276727,0.0036877160381253854,0.00519852155065516,-0.0003715316854557639,0.28777243405108105
gmat_j2,numerical_j2_iau1976_1980,EarthMJ2000Eq,13140.0,2026-02-11T06:56:00Z,-0.00022427512930967017,-0.004215151698043486,0.02100846868385429,0.005225494541675443,-0.00037548799309686107,0.2893713191179502
gmat_j2,numerical_j2_iau1976_1980,EarthMJ2000Eq,13200.0,2026-02-11T06:57:00Z,-0.0002122139719301466,-0.004163772087923587,0.03838638638321597,0.005175409164482289,-0.00038832799667783114,0.28967504070818456
gmat_j2,numerical_j2_iau1976_1980,EarthMJ2000Eq,13260.0,2026-02-11T06:58:00Z,-0.00016104494578944372,-0.004428177240702091,0.05574329103729755,0.005484414060549971,-0.00035286668570308515,0.28866899697497694
gmat_j2,numerical_j2_iau1976_1980,EarthMJ2000Eq,13320.0,2026-02-11T06:59:00Z,-0.000171221922186093,-0.003573509526262095,0.07300031190612326,0.004502464837374368,-0.00037868757498967485,0.28634464553079975
gmat_j2,numerical_j2_iau1976_1980,EarthMJ2000Eq,13380.0,2026-02-11T07:00:00Z,-0.00015753541156471242,-0.0013401537614460162,0.09007823789898707,0.0019317999993195185,-0.0003667650607639181,0.2826994021545139
gmat_j2,numerical_j2_iau1976_1980,EarthMJ2000Eq,13440.0,2026-02-11T07:01:00Z,-4.796010219392916e-05,-0.0041436339680631,0.10689789144137238,0.00514666090058576,-0.00025995615616773786,0.27773673997967974
gmat_j2,numerical_j2_iau1976_1980,EarthMJ2000Eq,13500.0,2026-02-11T07:02:00Z,-0.00016137901918845496,-0.004418294351615491,0.12338050650689665,0.005447944256548654,-0.00039548017688536137,0.27146680903868525
gmat_j2,numerical_j2_iau1976_1980,EarthMJ2000Eq,13560.0,2026-02-11T07:03:00Z,-3.143555911550624e-05,-0.0016226612483941911,0.13944809097859254,0.0022142254747092513,-0.00023535011298429962,0.26390577210821786
gmat_j2,numerical_j2_iau1976_1980,EarthMJ2000Eq,13620.0,2026-02-11T07:04:00Z,-5.300555749227427e-05,-0.002262004312157375,0.15502382376438054,0.002924897364358455,-0.0002581854105209434,0.2550760102628043
gmat_j2,numerical_j2_iau1976_1980,EarthMJ2000Eq,13680.0,2026-02-11T07:05:00Z,-7.987502772235953e-05,-0.0016642444617580665,0.17003241264958763,0.002207312063303283,-0.0002793083188580258,0.2450063246645663
gmat_j2,numerical_j2_iau1976_1980,EarthMJ2000Eq,13740.0,2026-02-11T07:06:00Z,5.9256183872177903e-05,-0.004166807678543084,0.1844004807717833,0.005053905498612423,-0.00011401494103528828,0.23373166473646728
gmat_j2,numerical_j2_iau1976_1980,EarthMJ2000Eq,13800.0,2026-02-11T07:07:00Z,-6.0918981625411275e-05,-0.004548974487496034,0.19805692910477807,0.005454454050639131,-0.0002380009571714757,0.2212930647367107
gmat_j2,numerical_j2_iau1976_1980,EarthMJ2000Eq,13860.0,2026-02-11T07:08:00Z,1.8171907644023653e-06,-0.0012483665616351898,0.21093330387972614,0.0016117416520699498,-0.00013897359939326912,0.2077375262039664
gmat_j2,numerical_j2_iau1976_1980,EarthMJ2000Eq,13920.0,2026-02-11T07:09:00Z,9.555635974055134e-05,-0.004400148363802824,0.22296414808028966,0.005193736402791934,-1.5842798080893915e-05,0.19311798478542672
gmat_j2,numerical_j2_iau1976_1980,EarthMJ2000Eq,13980.0,2026-02-11T07:10:00Z,-9.729900301711281e-05,-0.003961501726311882,0.23408733746886892,0.0046373503605005575,-0.00021347118304910703,0.17749276759589763
gmat_j2,numerical_j2_iau1976_1980,EarthMJ2000Eq,14040.0,2026-02-11T07:11:00Z,0.00012967625984439208,-0.0038769308840857527,0.2442444341465171,0.004487035133053252,7.58402023057223e-05,0.16092575437323606
gmat_j2,numerical_j2_iau1976_1980,EarthMJ2000Eq,14100.0,2026-02-11T07:12:00Z,-2.9067585552516954e-05,-0.004889406927387843,0.25338095788449955,0.005596686611568777,-8.007845301129623e-05,0.14348586544949488
gmat_j2,numerical_j2_iau1976_1980,EarthMJ2000Eq,14160.0,2026-02-11T07:13:00Z,3.449236526275935e-05,-0.003643477852036097,0.2614467373561766,0.004104073638319816,2.5881132890088502e-05,0.1252468138614616
gmat_j2,numerical_j2_iau1976_1980,EarthMJ2000Eq,14220.0,2026-02-11T07:14:00Z,-2.313936348080258e-06,-0.003892672716983433,0.26839614095533293,0.004332364777331971,1.666080925877432e-05,0.10628681464035132
gmat_j2,numerical_j2_iau1976_1980,EarthMJ2000Eq,14280.0,2026-02-11T07:15:00Z,-3.249363900367063e-06,-0.0038307242110547043,0.27418836559389015,0.004201849203321677,5.067204475590407e-05,0.08668822486745267
gmat_j2,numerical_j2_iau1976_1980,EarthMJ2000Eq,14340.0,2026-02-11T07:16:00Z,-2.0036276910699865e-05,-0.00383409613778604,0.27878766165935837,0.004146810935718793,6.777050526822567e-05,0.06653720600842436
gmat_j2,numerical_j2_iau1976_1980,EarthMJ2000Eq,14400.0,2026-02-11T07:17:00Z,-3.8841105959279934e-05,-0.003828048261248531,0.2821635514319347,0.004081888294329336,8.382164598630454e-05,0.045923201078422085
gmat_j2,numerical_j2_iau1976_1980,EarthMJ2000Eq,14460.0,2026-02-11T07:18:00Z,-6.124248659130152e-05,-0.003819897351237635,0.2842910133282141,0.00401624060677232,9.689702764495182e-05,0.024938584399768784
gmat_j2,numerical_j2_iau1976_1980,EarthMJ2000Eq,14520.0,2026-02-11T07:19:00Z,-8.692158062630961e-05,-0.0038094227262678677,0.2851506448377395,0.003950292943874169,0.00010733542554513658,0.0036781998530202357
gmat_j2,numerical_j2_iau1976_1980,EarthMJ2000Eq,14580.0,2026-02-11T07:20:00Z,-0.00011570797893458264,-0.003796549549213459,0.28472879677062324,0.003884621197660718,0.00011526879107730073,-0.0177611012775178
gmat_j2,numerical_j2_iau1976_1980,EarthMJ2000Eq,14640.0,2026-02-11T07:21:00Z,-0.00014739048492423942,-0.0037812066089611424,0.2830176791903245,0.003819761771795869,0.00012090442586921941,-0.03928093756214531
gmat_j2,numerical_j2_iau1976_1980,EarthMJ2000Eq,14700.0,2026-02-11T07:22:00Z,-0.00018172555736105345,-0.0037633242236314772,0.28001543860342487,0.003756194589791941,0.00012450262611967533,-0.060781886798039086
gmat_j2,numerical_j2_iau1976_1980,EarthMJ2000Eq,14760.0,2026-02-11T07:23:00Z,-0.00021842896377713793,-0.003742829584449162,0.2757262061011872,0.0036943531351389474,0.00012638954762454665,-0.08216397423995377
gmat_j2,numerical_j2_iau1976_1980,EarthMJ2000Eq,14820.0,2026-02-11T07:24:00Z,-0.0002571988890847765,-0.0037196594671841995,0.2701601151916773,0.003634599273957794,0.00012693330850756533,-0.10332718042051024
gmat_j2,numerical_j2_iau1976_1980,EarthMJ2000Eq,14880.0,2026-02-11T07:25:00Z,-0.0002976882948740887,-0.0036938674743423527,0.2633332892489467,0.0035773626041274995,0.0001265595446193087,-0.12417193485355109
gmat_j2,numerical_j2_iau1976_1980,EarthMJ2000Eq,14940.0,2026-02-11T07:26:00Z,-0.0003389869926415003,-0.0036680366026233,0.25526780032672736,0.0035259372984345434,0.00012632781742511333,-0.1445996115925563
gmat_j2,numerical_j2_iau1976_1980,EarthMJ2000Eq,15000.0,2026-02-11T07:27:00Z,-0.0003896959931762405,-0.0035906544583931346,0.2459915965289928,0.0034213526858272343,0.00011618573997365982,-0.16451303590404354
gmat_j2,numerical_j2_iau1976_1980,EarthMJ2000Eq,15060.0,2026-02-11T07:28:00Z,-0.000407911530917662,-0.0037876015370492963,0.2355384048785698,0.0036383453497539167,0.00014559267532537342,-0.1838168990889357
gmat_j2,numerical_j2_iau1976_1980,EarthMJ2000Eq,15120.0,2026-02-11T07:29:00Z,-0.00048095981410293214,-0.001516581154155614,0.2239475901206001,0.001023737625109797,0.00010386858261476637,-0.20241857097735802
gmat_j2,numerical_j2_iau1976_1980,EarthMJ2000Eq,15180.0,2026-02-11T07:30:00Z,-0.0005267100866816595,-0.00447895482364962,0.211264014537085,0.00443326492302701,0.00011452795347715088,-0.22022755881747316
gmat_j2,numerical_j2_iau1976_1980,EarthMJ2000Eq,15240.0,2026-02-11T07:31:00Z,-0.0005612895661201186,-0.00426164151065833,0.1975378361969253,0.0041917498346462755,0.00012767166040642236,-0.23715768087362887
gmat_j2,numerical_j2_iau1976_1980,EarthMJ2000Eq,15300.0,2026-02-11T07:32:00Z,-0.0005959229899743872,-0.0043246933513673685,0.18282430644076486,0.004278304417916552,0.00014307899938954854,-0.25312579392618983
gmat_j2,numerical_j2_iau1976_1980,EarthMJ2000Eq,15360.0,2026-02-11T07:33:00Z,-0.0006600258714489509,-0.003961587474793656,0.16718352969826994,0.0038808943602016443,0.0001240186710092685,-0.2680531224590841
gmat_j2,numerical_j2_iau1976_1980,EarthMJ2000Eq,15420.0,2026-02-11T07:34:00Z,-0.00065918705116765,-0.0005314540967729709,0.1506802103455075,-3.474065254986533e-05,0.00016734374250933313,-0.28186551922742054
gmat_j2,numerical_j2_iau1976_1980,EarthMJ2000Eq,15480.0,2026-02-11T07:35:00Z,-0.0007244462658545255,-0.004288945734373149,0.1333833574858261,0.004310871969960361,0.00016724501296097832,-0.29449303387382564
gmat_j2,numerical_j2_iau1976_1980,EarthMJ2000Eq,15540.0,2026-02-11T07:36:00Z,-0.0007712025497755636,-0.00376499363179165,0.1153659956192213,0.003742891948489293,0.00017067486441884507,-0.30587208081507755
gmat_j2,numerical_j2_iau1976_1980,EarthMJ2000Eq,15600.0,2026-02-11T07:37:00Z,-0.0007639855770787587,-0.00036760522654621615,0.09670483641751126,-0.00011954829896102842,0.00022381928427134382,-0.31594389675887763
gmat_j2,numerical_j2_iau1976_1980,EarthMJ2000Eq,15660.0,2026-02-11T07:38:00Z,-0.0008345004590307151,-0.004023101681917908,0.07747993414569068,0.004116512613794583,0.0002205525240272902,-0.3246551351786861
gmat_j2,numerical_j2_iau1976_1980,EarthMJ2000Eq,15720.0,2026-02-11T07:39:00Z,-0.0008511495613187926,-0.0037990535902087223,0.057774342441957,0.0039020380274490305,0.00026199822709402923,-0.3319594972342035
gmat_j2,numerical_j2_iau1976_1980,EarthMJ2000Eq,15780.0,2026-02-11T07:40:00Z,-0.0008783953015284773,-0.0037639193752600137,0.03767373214328295,0.003906311133678206,0.000292431768061122,-0.3378162008298585
gmat_j2,numerical_j2_iau1976_1980,EarthMJ2000Eq,15840.0,2026-02-11T07:41:00Z,-0.0009041518258075462,-0.003625803276136495,0.01726601956812213,0.0037937981865189597,0.0003241736866036777,-0.34219112814745584
gmat_j2,numerical_j2_iau1976_1980,EarthMJ2000Eq,15900.0,2026-02-11T07:42:00Z,-0.0009138212050436137,-0.002876820483156143,-0.003359029359869772,0.002980902293123063,0.0003710546897796166,-0.34505677835047754
gmat_j2,numerical_j2_iau1976_1980,EarthMJ2000Eq,15960.0,2026-02-11T07:43:00Z,-0.0009386890490920553,-0.002886298672343338,-0.0241101959067987,0.0030383022377862444,0.00040357935070711265,-0.346392198691136
gmat_j2,numerical_j2_iau1976_1980,EarthMJ2000Eq,16020.0,2026-02-11T07:44:00Z,-0.0009500887144021619,-0.002776228363598048,-0.044895218726398824,0.0029581546273116845,0.0004501535368939279,-0.3461835653888001
gmat_j2,numerical_j2_iau1976_1980,EarthMJ2000Eq,16080.0,2026-02-11T07:45:00Z,-0.0009620586237332271,-0.0026841490345309205,-0.06562120598093805,0.0028976112047856242,0.0004949353435458833,-0.3444237650914072
gmat_j2,numerical_j2_iau1976_1980,EarthMJ2000Eq,16140.0,2026-02-11T07:46:00Z,-0.0009709744788585959,-0.0025866634588972413,-0.08619504768815708,0.0028293742707796417,0.0005416379142026229,-0.34111261972830137
gmat_j2,numerical_j2_iau1976_1980,EarthMJ2000Eq,16200.0,2026-02-11T07:47:00Z,-0.000977281903631231,-0.0024858541172702083,-0.10652383125011028,0.0027552936728692428,0.0005893324946833955,-0.3362568834873915
gmat_j2,numerical_j2_iau1976_1980,EarthMJ2000Eq,16260.0,2026-02-11T07:48:00Z,-0.0009811159724188174,-0.0023818546885744675,-0.12651525607279737,0.002675114558385921,0.0006374819604970832,-0.32987020500820546
gmat_j2,numerical_j2_iau1976_1980,EarthMJ2000Eq,16320.0,2026-02-11T07:49:00Z,-0.000982650193711855,-0.002274830454808214,-0.14607804659063048,0.0025886777367477836,0.0006854945291121349,-0.3219730724887979
gmat_j2,numerical_j2_iau1976_1980,EarthMJ2000Eq,16380.0,2026-02-11T07:50:00Z,-0.0009820729356502657,-0.0021649660325874696,-0.16512235923071963,0.002495901127297419,0.0007327715251578453,-0.3125927272929016
gmat_j2,numerical_j2_iau1976_1980,EarthMJ2000Eq,16440.0,2026-02-11T07:51:00Z,-0.0009795825102107425,-0.0020524692152039145,-0.183560185572224,0.002396805739910735,0.0007787048366894514,-0.30176307760433724
gmat_j2,numerical_j2_iau1976_1980,EarthMJ2000Eq,16500.0,2026-02-11T07:52:00Z,-0.0009745511547892218,-0.0019413609961859263,-0.2013057476918919,0.0022958555793044185,0.0008237188157281993,-0.28952453886527707
gmat_j2,numerical_j2_iau1976_1980,EarthMJ2000Eq,16560.0,2026-02-11T07:53:00Z,-0.0009782256277999243,-0.0017756189286387094,-0.2182758829690786,0.002128938311020992,0.0008545136110744426,-0.275923847194244
gmat_j2,numerical_j2_iau1976_1980,EarthMJ2000Eq,16620.0,2026-02-11T07:54:00Z,-0.0009362516780609598,-0.0019259485763445515,-0.23439042062014648,0.0023196657880901433,0.0009335014023202434,-0.26101393781397986
gmat_j2,numerical_j2_iau1976_1980,EarthMJ2000Eq,16680.0,2026-02-11T07:55:00Z,-0.0009944960716730727,-0.0008497321810857598,-0.24957254234132603,0.0011049877679830207,0.0008911688096237534,-0.2448536628917679
gmat_j2,numerical_j2_iau1976_1980,EarthMJ2000Eq,16740.0,2026-02-11T07:56:00Z,-0.0008850218877946121,-0.0018392627088505914,-0.26374914315192355,0.002247678446427026,0.0010381603745225686,-0.22750773033349375
gmat_j2,numerical_j2_iau1976_1980,EarthMJ2000Eq,16800.0,2026-02-11T07:57:00Z,-0.0010097699053806697,-0.0015542521779436482,-0.2768511470659102,0.001930783956198149,0.0009104707531041286,-0.20904605028880072
gmat_j2,numerical_j2_iau1976_1980,EarthMJ2000Eq,16860.0,2026-02-11T07:58:00Z,-0.0009129851939359477,0.001466601125222631,-0.28881385236867535,-0.0015165572846605922,0.001027109714205208,-0.18954387810681136
gmat_j2,numerical_j2_iau1976_1980,EarthMJ2000Eq,16920.0,2026-02-11T07:59:00Z,-0.00086276766012435,-0.0020280857760637656,-0.29957721334347326,0.0024802210931268056,0.0010913142000187094,-0.1690816781791663
gmat_j2,numerical_j2_iau1976_1980,EarthMJ2000Eq,16980.0,2026-02-11T08:00:00Z,-0.0009751485749793175,-0.0008438886751340584,-0.3090861332118425,0.001127293934890879,0.0009608238749741737,-0.14774389513340114
gmat_j2,numerical_j2_iau1976_1980,EarthMJ2000Eq,17040.0,2026-02-11T08:01:00Z,-0.0008561333498071939,0.0013420521211813749,-0.31729074785494316,-0.0013727058981313149,0.001088606237919655,-0.1256196810970093
gmat_j2,numerical_j2_iau1976_1980,EarthMJ2000Eq,17100.0,2026-02-11T08:02:00Z,-0.0008871325748635778,0.0009123991574954289,-0.32414663190180354,-0.0008852455099754899,0.0010405227895309613,-0.10280209157541857
gmat_j2,numerical_j2_iau1976_1980,EarthMJ2000Eq,17160.0,2026-02-11T08:03:00Z,-0.000918747893468168,0.0016484053367311216,-0.32961505972293603,-0.0017314869113114807,0.0009863350592592423,-0.07938749391498481
gmat_j2,numerical_j2_iau1976_1980,EarthMJ2000Eq,17220.0,2026-02-11T08:04:00Z,-0.0007989078117197092,-0.0013327748843402097,-0.3336631950372197,0.0016697445449866675,0.001096172846194321,-0.055475767528901355
gmat_j2,numerical_j2_iau1976_1980,EarthMJ2000Eq,17280.0,2026-02-11T08:05:00Z,-0.0009161076664230134,-0.0003303512890407771,-0.33626424556261564,0.000517390696958637,0.0009334993027488531,-0.031169009344942905
gmat_j2,numerical_j2_iau1976_1980,EarthMJ2000Eq,17340.0,2026-02-11T08:06:00Z,-0.0008546190013965127,0.002377543875396769,-0.3373976700239866,-0.0025843916893400955,0.0009720514443775037,-0.00657213240625273
gmat_j2,numerical_j2_iau1976_1980,EarthMJ2000Eq,17400.0,2026-02-11T08:07:00Z,-0.0007853029508330915,-0.0010696063439338654,-0.3370492542852036,0.0013497559028225624,0.0010054611089368704,0.01820770583146513
gmat_j2,numerical_j2_iau1976_1980,EarthMJ2000Eq,17460.0,2026-02-11T08:08:00Z,-0.0009048355453266293,0.00010539660556820595,-0.33521123566632793,2.7383130575271904e-07,0.0008265064900520684,0.04306274937179303
gmat_j2,numerical_j2_iau1976_1980,EarthMJ2000Eq,17520.0,2026-02-11T08:09:00Z,-0.0007929120752920124,0.002278007001087883,-0.3318824123053909,-0.0024883270261797045,0.0009098821020969056,0.06788344029449644
gmat_j2,numerical_j2_iau1976_1980,EarthMJ2000Eq,17580.0,2026-02-11T08:10:00Z,-0.0008266517200927902,0.0018356194484020353,-0.3270681289935332,-0.0019864779199054773,0.0008179472098384727,0.09255957582571032
gmat_j2,numerical_j2_iau1976_1980,EarthMJ2000Eq,17640.0,2026-02-11T08:11:00Z,-0.0008542359951299751,0.002509635734638542,-0.3207803642744715,-0.002759960189665577,0.0007324583615788378,0.11698115675492725
gmat_j2,numerical_j2_iau1976_1980,EarthMJ2000Eq,17700.0,2026-02-11T08:12:00Z,-0.000758190010267929,-0.0002463694719711162,-0.3130377011031976,0.00039257192820486435,0.0007749268078221066,0.14103799651908822
gmat_j2,numerical_j2_iau1976_1980,EarthMJ2000Eq,17760.0,2026-02-11T08:13:00Z,-0.0008328613609841969,-0.0007941706751502578,-0.3038652775116445,0.0010205548236476428,0.0006263087035678752,0.16462127630497994
gmat_j2,numerical_j2_iau1976_1980,EarthMJ2000Eq,17820.0,2026-02-11T08:14:00Z,-0.0007892722718591177,0.0012890580467366088,-0.2932947747933842,-0.001359400472100943,0.0006196648529380578,0.18762305905832363
gmat_j2,numerical_j2_iau1976_1980,EarthMJ2000Eq,17880.0,2026-02-11T08:15:00Z,-0.0007886618667222262,0.0016739161738110627,-0.28136428061925634,-0.0017942932169651956,0.0005570846512731331,0.20993684187888356
gmat_j2,numerical_j2_iau1976_1980,EarthMJ2000Eq,17940.0,2026-02-11T08:16:00Z,-0.0007877177977229776,0.0016713342530064827,-0.2681182052515458,-0.0017837789789744898,0.0004927966003138013,0.23145863522198817
gmat_j2,numerical_j2_iau1976_1980,EarthMJ2000Eq,18000.0,2026-02-11T08:17:00Z,-0.000775905999859048,0.001775174828259367,-0.2536071252675664,-0.001893053374739731,0.00044114953208022444,0.2520870224926208
gmat_j2,numerical_j2_iau1976_1980,EarthMJ2000Eq,18060.0,2026-02-11T08:18:00Z,-0.0007680418791897312,0.0018493667104813433,-0.23788761121832855,-0.00196658467428345,0.00038529088966849533,0.27172366725378794
gmat_j2,numerical_j2_iau1976_1980,EarthMJ2000Eq,18120.0,2026-02-11T08:19:00Z,-0.0007587234099971261,0.0019225248081912592,-0.22102202923487566,-0.0020372947718780426,0.0003320302832657942,0.2902738174850255
gmat_j2,numerical_j2_iau1976_1980,EarthMJ2000Eq,18180.0,2026-02-11T08:20:00Z,-0.0007485178175440872,0.001991993620896751,-0.20307831192515174,-0.0021023676298886173,0.00028124063904632685,0.307646752199934
gmat_j2,numerical_j2_iau1976_1980,EarthMJ2000Eq,18240.0,2026-02-11T08:21:00Z,-0.0007373393294485017,0.002057868541752623,-0.18412970298627457,-0.0021622257833014188,0.00023353695900013045,0.32375623313522445
gmat_j2,numerical_j2_iau1976_1980,EarthMJ2000Eq,18300.0,2026-02-11T08:22:00Z,-0.0007251227334430646,0.002120292990690403,-0.16425447486327324,-0.0022173634488606747,0.0001894794407678867,0.33852092909524273
gmat_j2,numerical_j2_iau1976_1980,EarthMJ2000Eq,18360.0,2026-02-11T08:23:00Z,-0.0007132881200919341,0.002185294003219864,-0.14353562160367844,-0.0022751942710945725,0.00014794554425211746,0.35186487172549685
gmat_j2,numerical_j2_iau1976_1980,EarthMJ2000Eq,18420.0,2026-02-11T08:24:00Z,-0.0006906328456077807,0.0021861345453041106,-0.12206052569657468,-0.0022594227178967677,0.00012188636240207315,0.36371780911949986
gmat_j2,numerical_j2_iau1976_1980,EarthMJ2000Eq,18480.0,2026-02-11T08:25:00Z,-0.0006987347890382237,0.00250928129433448,-0.09992060118832169,-0.002614362114390739,6.570156668874975e-05,0.37401563550028416
gmat_j2,numerical_j2_iau1976_1980,EarthMJ2000Eq,18540.0,2026-02-11T08:26:00Z,-0.0006540039596699557,0.0009717029538491246,-0.0772109184673475,-0.0008346058300754407,6.579525596835509e-05,0.38270069701981707
gmat_j2,numerical_j2_iau1976_1980,EarthMJ2000Eq,18600.0,2026-02-11T08:27:00Z,-0.0006505764144340901,0.000706105820230374,-0.05402979898381559,-0.0005152462510433683,2.8589053356563586e-05,0.38972222444329824
gmat_j2,numerical_j2_iau1976_1980,EarthMJ2000Eq,18660.0,2026-02-11T08:28:00Z,-0.0006281640065681609,0.0008911861834730628,-0.030478401316108482,-0.0007151355383249213,1.984702458147967e-05,0.39503664264446153
gmat_j2,numerical_j2_iau1976_1980,EarthMJ2000Eq,18720.0,2026-02-11T08:29:00Z,-0.0005873534651141668,0.0006320688630513372,-0.006660274979513605,-0.0004070589646552409,3.5184467830205714e-05,0.39860778150515674
gmat_j2,numerical_j2_iau1976_1980,EarthMJ2000Eq,18780.0,2026-02-11T08:30:00Z,-0.0006312928942543569,0.004391440756454633,0.017319091998019932,-0.004720112569125684,-2.5058596794507086e-05,0.40040726955394307
gmat_j2,numerical_j2_iau1976_1980,EarthMJ2000Eq,18840.0,2026-02-11T08:31:00Z,-0.0005372101722344891,0.001486020192613562,0.0413527343935177,-0.0013768554207309895,5.0410968267582304e-05,0.40041430294030766
gmat_j2,numerical_j2_iau1976_1980,EarthMJ2000Eq,18900.0,2026-02-11T08:32:00Z,-0.0005645464542313905,0.0008459874920600109,0.06533270560197826,-0.0006410652168080634,9.242275970234223e-07,0.39861667913069404
gmat_j2,numerical_j2_iau1976_1980,EarthMJ2000Eq,18960.0,2026-02-11T08:33:00Z,-0.0005272790869367643,0.0011096245416209538,0.08915055300079593,-0.0009475083745576115,3.446865928920619e-05,0.39501020372585016
gmat_j2,numerical_j2_iau1976_1980,EarthMJ2000Eq,19020.0,2026-02-11T08:34:00Z,-0.0004884188818836318,0.0008275240567870288,0.11269783001736454,-0.0006306301553542069,7.289040242156614e-05,0.3895990560108456
gmat_j2,numerical_j2_iau1976_1980,EarthMJ2000Eq,19080.0,2026-02-11T08:35:00Z,-0.0005292085037292095,0.004587089516301254,0.13586659434321358,-0.004968352363970936,3.803814548646069e-05,0.38239592899358005
gmat_j2,numerical_j2_iau1976_1980,EarthMJ2000Eq,19140.0,2026-02-11T08:36:00Z,-0.00044604073320412256,0.001722793668865004,0.15854991625813405,-0.0016895545184485786,0.0001284470159518983,0.373421883054645
gmat_j2,numerical_j2_iau1976_1980,EarthMJ2000Eq,19200.0,2026-02-11T08:37:00Z,-0.00045098156738917225,0.0007953065518149537,0.1806423900311694,-0.0006438847433597723,0.00012870682952869256,0.3627065815074681
gmat_j2,numerical_j2_iau1976_1980,EarthMJ2000Eq,19260.0,2026-02-11T08:38:00Z,-0.00046853582046512906,0.004750646982150917,0.2020406358414805,-0.005223108445733672,0.0001321039977582107,0.3502879556037575
gmat_j2,numerical_j2_iau1976_1980,EarthMJ2000Eq,19320.0,2026-02-11T08:39:00Z,-0.000407603438542366,0.0018529987198193378,0.22264380278530496,-0.0019183049715887123,0.00021175013583748863,0.33621231579140537
gmat_j2,numerical_j2_iau1976_1980,EarthMJ2000Eq,19380.0,2026-02-11T08:40:00Z,-0.00042486617996314327,0.0005478373376546318,0.24235405961222609,-0.00045113589428067677,0.00020969025959639484,0.3205340583751717
gmat_j2,numerical_j2_iau1976_1980,EarthMJ2000Eq,19440.0,2026-02-11T08:41:00Z,-0.0003848846620827243,0.003985284675320249,0.26107707749664455,-0.004448694623094867,0.0002871110183584103,0.3033153350703587
gmat_j2,numerical_j2_iau1976_1980,EarthMJ2000Eq,19500.0,2026-02-11T08:42:00Z,-0.00040826271980354517,0.00047395486178227695,0.27872249907674246,-0.0004483887607400146,0.00028187636323351664,0.28462651007583595
gmat_j2,numerical_j2_iau1976_1980,EarthMJ2000Eq,19560.0,2026-02-11T08:43:00Z,-0.00039209377641714465,0.004368377113693532,0.295204399121209,-0.0049805189131138,0.0003365695798585037,0.2645447094356144
gmat_j2,numerical_j2_iau1976_1980,EarthMJ2000Eq,19620.0,2026-02-11T08:44:00Z,-0.0003773793237859945,0.0039720493599431075,0.3104417099736628,-0.004574028285924709,0.0003859088744986694,0.24315476023669894
gmat_j2,numerical_j2_iau1976_1980,EarthMJ2000Eq,19680.0,2026-02-11T08:45:00Z,-0.0004026951035625287,0.0006596986189568793,0.3243586405850493,-0.0008109794842799811,0.00038982296593332867,0.2205479070509245
gmat_j2,numerical_j2_iau1976_1980,EarthMJ2000Eq,19740.0,2026-02-11T08:46:00Z,-0.0003848993301256417,0.004450696288711618,0.3368850696614451,-0.0052322510491876455,0.0004499066082097857,0.19682139057068973
gmat_j2,numerical_j2_iau1976_1980,EarthMJ2000Eq,19800.0,2026-02-11T08:47:00Z,-0.0004002679133392475,0.004344785457232725,0.3479569035640589,-0.005165939681674792,0.0004711806178201374,0.17207898216555165
gmat_j2,numerical_j2_iau1976_1980,EarthMJ2000Eq,19860.0,2026-02-11T08:48:00Z,-0.00041895550908960125,0.004505470465118679,0.3575164201478713,-0.005407327776259278,0.0004902183883009686,0.1464293426444436
gmat_j2,numerical_j2_iau1976_1980,EarthMJ2000Eq,19920.0,2026-02-11T08:49:00Z,-0.00040940613254856107,0.004265532124665773,0.36551257412834165,-0.0051872507238372445,0.0005434691295484782,0.11998615311334118
gmat_j2,numerical_j2_iau1976_1980,EarthMJ2000Eq,19980.0,2026-02-11T08:50:00Z,-0.00045589572225644654,0.0009258854185219393,0.3719012672494575,-0.001395969207954968,0.0005362641979281373,0.09286751733846353
gmat_j2,numerical_j2_iau1976_1980,EarthMJ2000Eq,20040.0,2026-02-11T08:51:00Z,-0.00046090735212146126,0.004810983123426136,0.376645602017734,-0.005925116834442455,0.0005708822545988313,0.06519468155456697
gmat_j2,numerical_j2_iau1976_1980,EarthMJ2000Eq,20100.0,2026-02-11T08:52:00Z,-0.000471809734604487,0.004429943391507731,0.3797160772856672,-0.00553832623268514,0.0006039084483805604,0.03709305513225953
gmat_j2,numerical_j2_iau1976_1980,EarthMJ2000Eq,20160.0,2026-02-11T08:53:00Z,-0.0005334654125826549,0.0011613155301736058,0.3810907629357637,-0.0018234520001955308,0.0005846724654285097,0.008690021521246307
gmat_j2,numerical_j2_iau1976_1980,EarthMJ2000Eq,20220.0,2026-02-11T08:54:00Z,-0.0005283997351308229,0.004891402253638269,0.38075544220279545,-0.00616475199886764,0.0006299525342158223,-0.0198855948584016
gmat_j2,numerical_j2_iau1976_1980,EarthMJ2000Eq,20280.0,2026-02-11T08:55:00Z,-0.000580712825400924,0.0036359038088735786,0.3787036919668678,-0.004761109730703555,0.0006196012732513139,-0.04850251633507909
gmat_j2,numerical_j2_iau1976_1980,EarthMJ2000Eq,20340.0,2026-02-11T08:56:00Z,-0.0006081518932128783,0.0037850353261174446,0.37493695879156813,-0.004970285674650914,0.000635353319754855,-0.07702977617985234
gmat_j2,numerical_j2_iau1976_1980,EarthMJ2000Eq,20400.0,2026-02-11T08:57:00Z,-0.0006467840757894502,0.003855351755836418,0.3694645656295742,-0.00508366776213368,0.0006388235180459291,-0.10533601029872548
gmat_j2,numerical_j2_iau1976_1980,EarthMJ2000Eq,20460.0,2026-02-11T08:58:00Z,-0.0006854848710397719,0.0039394052581964815,0.36230369883999913,-0.005207427797996696,0.0006426274461391883,-0.13329055646852697
gmat_j2,numerical_j2_iau1976_1980,EarthMJ2000Eq,20520.0,2026-02-11T08:59:00Z,-0.0007258903068417113,0.004025633684715253,0.3534793485539426,-0.005327907391859176,0.0006449053682369656,-0.16076404640357664
gmat_j2,numerical_j2_iau1976_1980,EarthMJ2000Eq,20580.0,2026-02-11T09:00:00Z,-0.0007674856113769943,0.004114821321777094,0.34302421308174325,-0.005445744295851045,0.0006462617937026611,-0.1876290156108397
gmat_j2,numerical_j2_iau1976_1980,EarthMJ2000Eq,20640.0,2026-02-11T09:01:00Z,-0.0008099189929386268,0.004207005710501813,0.33097856622244964,-0.005560794945796637,0.0006471378903576687,-0.21376052127025486
gmat_j2,numerical_j2_iau1976_1980,EarthMJ2000Eq,20700.0,2026-02-11T09:02:00Z,-0.0008528241033706959,0.004302220730704089,0.31739008696869603,-0.005673010786725489,0.0006479788159596654,-0.2390367534101992
gmat_j2,numerical_j2_iau1976_1980,EarthMJ2000Eq,20760.0,2026-02-11T09:03:00Z,-0.000895832456006977,0.004400504385710856,0.3023136549008522,-0.005782422640038397,0.0006492447570298917,-0.26333961093854447
gmat_j2,numerical_j2_iau1976_1980,EarthMJ2000Eq,20820.0,2026-02-11T09:04:00Z,-0.0009385737847645315,0.004501895438911229,0.28581110985328423,-0.005889152168483976,0.00065137455089673,-0.28655526699599815
gmat_j2,numerical_j2_iau1976_1980,EarthMJ2000Eq,20880.0,2026-02-11T09:05:00Z,-0.0009806943374271646,0.004606427462289069,0.26795097979218074,-0.005993400751839951,0.0006547975647701332,-0.30857469814203087
gmat_j2,numerical_j2_iau1976_1980,EarthMJ2000Eq,20940.0,2026-02-11T09:06:00Z,-0.0010218392883515927,0.004714137965660137,0.2488081768881196,-0.006095451679222178,0.0006599217082991424,-0.32929420437386037
gmat_j2,numerical_j2_iau1976_1980,EarthMJ2000Eq,21000.0,2026-02-11T09:07:00Z,-0.001061684537135252,0.0048248960542474194,0.22846366377601676,-0.006195443361643183,0.0006671038900339693,-0.3486158883707814
gmat_j2,numerical_j2_iau1976_1980,EarthMJ2000Eq,21060.0,2026-02-11T09:08:00Z,-0.0011000026211869822,0.0049393959049158845,0.20700409261192734,-0.006294569299617981,0.0006765743653166309,-0.3664480631297959
gmat_j2,numerical_j2_iau1976_1980,EarthMJ2000Eq,21120.0,2026-02-11T09:09:00Z,-0.0011378593960491162,0.005061738537372597,0.18452141820648513,-0.006397971523543825,0.0006870462167149849,-0.3827057192239849
gmat_j2,numerical_j2_iau1976_1980,EarthMJ2000Eq,21180.0,2026-02-11T09:10:00Z,-0.001166270663384,0.005151351514775294,0.16111248768088351,-0.006459681938012164,0.0007089164064338515,-0.3973108676443833
gmat_j2,numerical_j2_iau1976_1980,EarthMJ2000Eq,21240.0,2026-02-11T09:11:00Z,-0.0012284086763179318,0.006011675952474507,0.13687860459648005,-0.0074018896309477914,0.000688817183144885,-0.4101929703288042
gmat_j2,numerical_j2_iau1976_1980,EarthMJ2000Eq,21300.0,2026-02-11T09:12:00Z,-0.0011532182931966535,0.005139084779595003,0.11192508767425573,-0.006355067174222848,0.0008339787310658056,-0.4212889529466834
gmat_j2,numerical_j2_iau1976_1980,EarthMJ2000Eq,21360.0,2026-02-11T09:13:00Z,-0.0013306945783087645,0.004173971524233486,0.08636077981567981,-0.005197739223240355,0.0006900010642778138,-0.43054382173744743
gmat_j2,numerical_j2_iau1976_1980,EarthMJ2000Eq,21420.0,2026-02-11T09:14:00Z,-0.0012814803959251247,0.007916688062744757,0.06029760331721768,-0.009436088549237446,0.0007850631491957616,-0.4379110452872408
gmat_j2,numerical_j2_iau1976_1980,EarthMJ2000Eq,21480.0,2026-02-11T09:15:00Z,-0.0012960385598153753,0.005232087280841698,0.03385001336430181,-0.006303743366940054,0.0008358609277063703,-0.44335183589663374
gmat_j2,numerical_j2_iau1976_1980,EarthMJ2000Eq,21540.0,2026-02-11T09:16:00Z,-0.0013433270404074552,0.004255413757526165,0.007134526969756387,-0.005136414398596543,0.0008382352044980373,-0.4468365331697919
gmat_j2,numerical_j2_iau1976_1980,EarthMJ2000Eq,21600.0,2026-02-11T09:17:00Z,-0.0013354950451715873,0.006103690899295876,-0.019730806709497447,-0.007197389337930657,0.0008934404094429176,-0.4483439138175535
