reference_model,comparison_model,frame,elapsed_seconds,timestamp_utc,position_delta_x_m,position_delta_y_m,position_delta_z_m,position_difference_m,velocity_delta_x_mm_s,velocity_delta_y_mm_s,velocity_delta_z_mm_s,velocity_difference_mm_s
gmat_g20,numerical_gravity_2x0,EarthMJ2000Eq,0.0,2026-01-01T00:00:00Z,0.0,4.547473508864641e-10,4.547473508864641e-10,6.431098710768743e-10,0.0,0.0,0.0,0.0
gmat_g20,numerical_gravity_2x0,EarthMJ2000Eq,10.0,2026-01-01T00:00:10Z,-0.0024224063963629305,0.0011998345144093037,0.002467792910465505,0.0036602810629856905,-0.0029030262638229942,-0.0024538584497690863,-0.0016613714848290329,0.00414838980696755
gmat_g20,numerical_gravity_2x0,EarthMJ2000Eq,20.0,2026-01-01T00:00:20Z,-9.094947017729282e-10,-1.8189894035458565e-09,-9.094947017729282e-10,2.227797943108433e-09,1.7763568394002505e-09,1.3766765505351941e-08,-2.6645352591003757e-09,1.4134320791860543e-08
gmat_g20,numerical_gravity_2x0,EarthMJ2000Eq,30.0,2026-01-01T00:00:30Z,-0.002479837348801084,0.001150455318565946,0.0024339342417079024,0.003660215377472162,-0.002839812829336097,-0.0024837931711374495,-0.0017243531047483884,0.004148151281294635
gmat_g20,numerical_gravity_2x0,EarthMJ2000Eq,40.0,2026-01-01T00:00:40Z,-1.8189894035458565e-09,1.3642420526593924e-09,-4.547473508864641e-10,2.3187656159247055e-09,8.881784197001252e-09,5.6843418860808015e-08,-6.217248937900877e-09,5.786807878842355e-08
gmat_g20,numerical_gravity_2x0,EarthMJ2000Eq,50.0,2026-01-01T00:00:50Z,-0.0025359850042150356,0.001100493136618752,0.002398824562988011,0.0036601454027597228,-0.0027751392295272126,-0.002512409391641768,-0.0017864305590364893,0.004147882934308787
gmat_g20,numerical_gravity_2x0,EarthMJ2000Eq,60.0,2026-01-01T00:01:00Z,0.0,2.7284841053187847e-09,-4.547473508864641e-10,2.766120146724561e-09,1.5987211554602254e-08,1.2656542480726785e-07,-7.993605777301127e-09,1.2782134181449779e-07
gmat_g20,numerical_gravity_2x0,EarthMJ2000Eq,70.0,2026-01-01T00:01:10Z,2.7284841053187847e-09,2.7284841053187847e-09,-1.3642420526593924e-09,4.092726157978177e-09,1.4210854715202004e-08,1.318944953254686e-07,-8.881784197001252e-09,1.329548509059325e-07
gmat_g20,numerical_gravity_2x0,EarthMJ2000Eq,80.0,2026-01-01T00:01:20Z,2.7284841053187847e-09,3.637978807091713e-09,-9.094947017729282e-10,4.637531231849411e-09,1.3322676295501878e-08,1.425526363618701e-07,-8.881784197001252e-09,1.4344906387954019e-07
gmat_g20,numerical_gravity_2x0,EarthMJ2000Eq,90.0,2026-01-01T00:01:30Z,3.637978807091713e-09,5.4569682106375694e-09,-1.8189894035458565e-09,6.806035138240879e-09,1.2434497875801753e-08,1.603162047558726e-07,-7.993605777301127e-09,1.6099627318069537e-07
gmat_g20,numerical_gravity_2x0,EarthMJ2000Eq,100.0,2026-01-01T00:01:40Z,4.547473508864641e-09,5.4569682106375694e-09,-9.094947017729282e-10,7.161368443132061e-09,1.1546319456101628e-08,1.851852005074761e-07,-6.217248937900877e-09,1.85648943342892e-07
gmat_g20,numerical_gravity_2x0,EarthMJ2000Eq,110.0,2026-01-01T00:01:50Z,0.002696488991205115,-0.0009473287718719803,-0.0022861822799313813,0.003659933619449826,0.002572791757415871,0.0025908781786654345,0.001966902196670617,0.004147361982631786
gmat_g20,numerical_gravity_2x0,EarthMJ2000Eq,120.0,2026-01-01T00:02:00Z,4.547473508864641e-09,9.094947017729282e-09,-1.3642420526593924e-09,1.0259567873325503e-08,4.440892098500626e-09,2.5646151868841116e-07,-1.7763568394002505e-09,2.56506115978192e-07
gmat_g20,numerical_gravity_2x0,EarthMJ2000Eq,130.0,2026-01-01T00:02:10Z,0.002747248345258413,-0.0008952747521107085,-0.0022462600099970587,0.0036598598859524612,0.0025026594130395097,0.0026143149867152715,0.0020250503496299643,0.004147140690400528
gmat_g20,numerical_gravity_2x0,EarthMJ2000Eq,140.0,2026-01-01T00:02:20Z,0.002772097559500253,-0.0008690767572261393,-0.0022258664102992043,0.003659822477366385,0.00246711628903995,0.00262551580476611,0.0020537287426236617,0.004147022760125805
gmat_g20,numerical_gravity_2x0,EarthMJ2000Eq,150.0,2026-01-01T00:02:30Z,0.002796589797071647,-0.0008427659849985503,-0.002205187684012344,0.003659784381664518,0.0024312534208092984,0.0026363835559095605,0.002082143346626708,0.00414690636088749
gmat_g20,numerical_gravity_2x0,EarthMJ2000Eq,160.0,2026-01-01T00:02:40Z,0.0028207205104990862,-0.000816347892396152,-0.0021842251953785308,0.003659744223835355,0.0023950805783101714,0.0026469184621902286,0.002110284391676487,0.004146792560019788
gmat_g20,numerical_gravity_2x0,EarthMJ2000Eq,170.0,2026-01-01T00:02:50Z,5.002220859751105e-09,2.2737367544323206e-08,-1.3642420526593924e-09,2.332104741973687e-08,-1.1546319456101628e-08,3.446132268436486e-07,8.881784197001252e-09,3.44920976020735e-07
gmat_g20,numerical_gravity_2x0,EarthMJ2000Eq,180.0,2026-01-01T00:03:00Z,0.0028678937269432936,-0.0007632106644450687,-0.0021414625734905712,0.003659667594334797,0.0023218200695396263,0.0026669826347358594,0.0021657422522025627,0.004146575009845481
gmat_g20,numerical_gravity_2x0,EarthMJ2000Eq,190.0,2026-01-01T00:03:10Z,4.547473508864641e-09,2.637534635141492e-08,-9.094947017729282e-10,2.6779947555652063e-08,-2.5757174171303632e-08,3.863576125695545e-07,1.3322676295501878e-08,3.8744435796048386e-07
gmat_g20,numerical_gravity_2x0,EarthMJ2000Eq,200.0,2026-01-01T00:03:20Z,0.002913588559749769,-0.0007096832632669248,-0.002097601736750221,0.0036595876373825874,0.0022473907179687558,0.0026856179502487976,0.002220064132529842,0.00414632289703252
gmat_g20,numerical_gravity_2x0,EarthMJ2000Eq,210.0,2026-01-01T00:03:30Z,4.547473508864641e-09,3.54702933691442e-08,0.0,3.576060999209858e-08,-3.552713678800501e-08,4.1167069753100805e-07,1.865174681370263e-08,4.136216003948812e-07
gmat_g20,numerical_gravity_2x0,EarthMJ2000Eq,220.0,2026-01-01T00:03:40Z,0.0029577804525615647,-0.0006557957021868788,-0.002052669060503831,0.003659505906609765,0.0021718120635227933,0.0027028916882443355,0.0022732358218036097,0.004146081549990856
gmat_g20,numerical_gravity_2x0,EarthMJ2000Eq,230.0,2026-01-01T00:03:50Z,0.0029793091016472317,-0.0006287291398621164,-0.002029803454206558,0.0036594651408612526,0.002133602627907294,0.002711014968070913,0.0022993811299443223,0.004145963809738511
gmat_g20,numerical_gravity_2x0,EarthMJ2000Eq,240.0,2026-01-01T00:04:00Z,2.7284841053187847e-09,4.547473508864641e-08,9.094947017729282e-10,4.556559379079899e-08,-8.08242361927114e-08,4.951594689828198e-07,3.2862601528904634e-08,5.027876365412449e-07
gmat_g20,numerical_gravity_2x0,EarthMJ2000Eq,250.0,2026-01-01T00:04:10Z,0.003021211796294665,-0.0005743559086113237,-0.001983300990104908,0.003659383588144031,0.0020563861724554044,0.0027261988222448963,0.002350769356951332,0.004145720767038783
gmat_g20,numerical_gravity_2x0,EarthMJ2000Eq,260.0,2026-01-01T00:04:20Z,9.094947017729282e-10,5.638867150992155e-08,1.3642420526593924e-09,5.641250403629177e-08,-8.704148513061227e-08,5.091482790930968e-07,3.6415315207705135e-08,5.178168261256881e-07
gmat_g20,numerical_gravity_2x0,EarthMJ2000Eq,270.0,2026-01-01T00:04:30Z,0.0030615560717706103,-0.0005196870915824547,-0.0019357803466846235,0.0036592958071688278,0.001978135877322984,0.002739963811393409,0.002400937226809674,0.004145470154756682
gmat_g20,numerical_gravity_2x0,EarthMJ2000Eq,280.0,2026-01-01T00:04:40Z,0.0,6.548361852765083e-08,3.183231456205249e-09,6.556094308335314e-08,-1.1102230246251565e-07,5.420108806220014e-07,4.3520742565306136e-08,5.549736943226692e-07
gmat_g20,numerical_gravity_2x0,EarthMJ2000Eq,290.0,2026-01-01T00:04:50Z,0.003100328285654541,-0.0004647663445211947,-0.0018872719920182135,0.003659212866954533,0.0018988677297215872,0.0027523411327834424,0.0024498572059883372,0.0041452238414737795
gmat_g20,numerical_gravity_2x0,EarthMJ2000Eq,300.0,2026-01-01T00:05:00Z,0.0031191161724564154,-0.00043721320253098384,-0.0018626524251885712,0.0036591686403891557,0.001858859732806195,0.0027580068229227095,0.002473842464212339,0.0041451004426041015
gmat_g20,numerical_gravity_2x0,EarthMJ2000Eq,310.0,2026-01-01T00:05:10Z,0.0031375034268421587,-0.0004096082193427719,-0.0018377945707470644,0.003659124967948872,0.0018186439021405931,0.0027632924837206474,0.0024975062018484095,0.004144971437977764
gmat_g20,numerical_gravity_2x0,EarthMJ2000Eq,320.0,2026-01-01T00:05:20Z,0.0031554877750750165,-0.0003819468474830501,-0.0018127038856619038,0.003659082107584344,0.0017781962569074494,0.0027682269809758964,0.00252084353391524,0.0041448419353173
gmat_g20,numerical_gravity_2x0,EarthMJ2000Eq,330.0,2026-01-01T00:05:30Z,-1.1368683772161603e-08,9.731593308970332e-08,2.7284841053187847e-09,9.801572541864903e-08,-1.794120407794253e-07,6.183942247162122e-07,6.17284001691587e-08,6.468465760336427e-07
gmat_g20,numerical_gravity_2x0,EarthMJ2000Eq,340.0,2026-01-01T00:05:40Z,0.003190235929650953,-0.0003264922270318493,-0.0017618285710341297,0.003658994721895655,0.001696617069057993,0.002777043595081352,0.002566541645876441,0.004144588837028282
gmat_g20,numerical_gravity_2x0,EarthMJ2000Eq,350.0,2026-01-01T00:05:50Z,-1.4551915228366852e-08,1.1095835361629725e-07,3.637978807091713e-09,1.1196762640984084e-07,-2.2115642650533118e-07,6.545874953189923e-07,6.572520305780927e-08,6.940567385521085e-07
gmat_g20,numerical_gravity_2x0,EarthMJ2000Eq,360.0,2026-01-01T00:06:00Z,0.0032233460842689965,-0.00027087389753432944,-0.0017100528566516005,0.0036589087744681487,0.0016141559200377742,0.0027844511141239536,0.002610910154743351,0.004144335794464666
gmat_g20,numerical_gravity_2x0,EarthMJ2000Eq,370.0,2026-01-01T00:06:10Z,-1.9099388737231493e-08,1.2460077414289117e-07,3.637978807091713e-09,1.261085820114734e-07,-2.540190280342358e-07,6.800116025829084e-07,7.37188088351104e-08,7.296409452784985e-07
gmat_g20,numerical_gravity_2x0,EarthMJ2000Eq,380.0,2026-01-01T00:06:20Z,0.0032547991395404097,-0.00021512096282094717,-0.0016574031178606674,0.003658822155078361,0.00153094070753923,0.0027903952481977967,0.0026539268560554774,0.004144081665273752
gmat_g20,numerical_gravity_2x0,EarthMJ2000Eq,390.0,2026-01-01T00:06:30Z,0.003269898570579244,-0.00018720402295002714,-0.0016307585610775277,0.0036587778687168894,0.0014890302324488403,0.0027928356849393765,0.002674921617540349,0.0041439531677134244
gmat_g20,numerical_gravity_2x0,EarthMJ2000Eq,400.0,2026-01-01T00:06:40Z,-2.773958840407431e-08,1.4642864698544145e-07,8.185452315956354e-09,1.4925761304681003e-07,-2.9753977059954195e-07,7.049361094857431e-07,7.949196856316121e-08,7.692748576493127e-07
gmat_g20,numerical_gravity_2x0,EarthMJ2000Eq,410.0,2026-01-01T00:06:50Z,0.003298836873000255,-0.00013130465958965942,-0.0015768473531352356,0.0036586900939250995,0.0014046355190089344,0.002796652909253794,0.0027158710835806232,0.004143696921678586
gmat_g20,numerical_gravity_2x0,EarthMJ2000Eq,420.0,2026-01-01T00:07:00Z,-3.5925040720030665e-08,1.609805622138083e-07,9.094947017729282e-09,1.6519100466631037e-07,-3.632649736573512e-07,7.34939886726238e-07,7.771561172376096e-08,8.234912230819768e-07
gmat_g20,numerical_gravity_2x0,EarthMJ2000Eq,430.0,2026-01-01T00:07:10Z,0.0033260789678024594,-7.53452695789747e-05,-0.0015221321518765762,0.0036586014400973245,0.0013195533554721806,0.0027990310624836923,0.0027554172277177713,0.0041434430182506875
gmat_g20,numerical_gravity_2x0,EarthMJ2000Eq,440.0,2026-01-01T00:07:20Z,-4.320099833421409e-08,1.77351466845721e-07,9.094947017729282e-09,1.8276374670775644e-07,-3.7125857943465235e-07,7.400191570638981e-07,8.260059303211165e-08,8.320361432021177e-07
gmat_g20,numerical_gravity_2x0,EarthMJ2000Eq,450.0,2026-01-01T00:07:30Z,0.003351612349433708,-1.935313775902614e-05,-0.0014666411516373046,0.0036585128334466256,0.0012338263744027245,0.002799969388289636,0.002793542730472609,0.004143191654329687
gmat_g20,numerical_gravity_2x0,EarthMJ2000Eq,460.0,2026-01-01T00:07:40Z,0.003363735913808341,8.644747140351683e-06,-0.0014386150724021718,0.0036584706307472067,0.0011907177466241592,0.002799904263300901,0.0028120639150586157,0.004143063612612178
gmat_g20,numerical_gravity_2x0,EarthMJ2000Eq,470.0,2026-01-01T00:07:50Z,0.003375426786078606,3.664354153443128e-05,-0.001410404365742579,0.0036584271500494387,0.0011474572403358252,0.0027994826595767464,0.002830222722849385,0.0041429363910882085
gmat_g20,numerical_gravity_2x0,EarthMJ2000Eq,480.0,2026-01-01T00:08:00Z,0.0033866838293761248,6.463505997089669e-05,-0.0013820126696373336,0.003658382712370766,0.0011040413028240437,0.0027987037687360328,0.0028480147129528177,0.004142805545602449
gmat_g20,numerical_gravity_2x0,EarthMJ2000Eq,490.0,2026-01-01T00:08:10Z,-6.45741238258779e-08,2.1464074961841106e-07,1.1823431123048067e-08,2.2445547974632899e-07,-4.849454171562684e-07,7.714107130851744e-07,7.771561172376096e-08,9.144868846457245e-07
gmat_g20,numerical_gravity_2x0,EarthMJ2000Eq,500.0,2026-01-01T00:08:20Z,0.0034078941553161712,0.00012058444553986192,-0.0013247044989839196,0.0036582953943021758,0.001016882578142031,0.0027960604387367027,0.002882507565971082,0.004142566115667655
gmat_g20,numerical_gravity_2x0,EarthMJ2000Eq,510.0,2026-01-01T00:08:30Z,-7.366907084360719e-08,2.2919266484677792e-07,1.2732925824820995e-08,2.410778650531572e-07,-5.071498776487715e-07,7.757683384568281e-07,7.993605777301127e-08,9.302726947962742e-07
gmat_g20,numerical_gravity_2x0,EarthMJ2000Eq,520.0,2026-01-01T00:08:40Z,0.0034273571145604365,0.0001764647095114924,-0.0012667205737670884,0.0036582096162516217,0.0009291873936945194,0.0027919916378849052,0.0029155118319579287,0.004142320093969891
gmat_g20,numerical_gravity_2x0,EarthMJ2000Eq,530.0,2026-01-01T00:08:50Z,-8.458300726488233e-08,2.446540747769177e-07,1.7280399333685637e-08,2.594388437070525e-07,-5.666578317686799e-07,7.804312751602538e-07,7.061018436615996e-08,9.670366444397358e-07
gmat_g20,numerical_gravity_2x0,EarthMJ2000Eq,540.0,2026-01-01T00:09:00Z,0.003445059064688394,0.00023225129552884027,-0.0012080927263014019,0.0036581225592930656,0.0008409992702240743,0.002786497588225245,0.0029470030860068164,0.004142061777742605
gmat_g20,numerical_gravity_2x0,EarthMJ2000Eq,550.0,2026-01-01T00:09:10Z,0.0034532472454884555,0.0002601009327918291,-0.00117854870040901,0.00365807956077346,0.0007967750903503656,0.0027832163240759655,0.002962192713340528,0.004141947527694367
gmat_g20,numerical_gravity_2x0,EarthMJ2000Eq,560.0,2026-01-01T00:09:20Z,-1.0322764865122736e-07,2.66481947619468e-07,1.8189894035458565e-08,2.8635545760147006e-07,-6.208367153703875e-07,7.830402992681229e-07,6.350475700855895e-08,1.0013107367808054e-06
gmat_g20,numerical_gravity_2x0,EarthMJ2000Eq,570.0,2026-01-01T00:09:30Z,0.0034682964269450167,0.00031569015845889226,-0.001119009539252147,0.0036579943589684053,0.0007080380726165458,0.0027755895359860006,0.0029914217769544393,0.004141716966692291
gmat_g20,numerical_gravity_2x0,EarthMJ2000Eq,580.0,2026-01-01T00:09:40Z,-1.1527845344971865e-07,2.810338628478348e-07,1.8189894035458565e-08,3.043025240479543e-07,-6.634692795159935e-07,7.811529201262601e-07,5.639932965095795e-08,1.0264366779632986e-06
gmat_g20,numerical_gravity_2x0,EarthMJ2000Eq,590.0,2026-01-01T00:09:50Z,0.0034815676599464496,0.0003711147655849345,-0.0010589010344119743,0.0036579107343808854,0.0006189200263406747,0.00276654321673675,0.0030191018574043937,0.004141473094740606
gmat_g20,numerical_gravity_2x0,EarthMJ2000Eq,600.0,2026-01-01T00:10:00Z,-1.2892087397631258e-07,2.955857780762017e-07,2.000888343900442e-08,3.2309735276570355e-07,-7.416289804496046e-07,7.704947790898586e-07,3.197442310920451e-08,1.069905656112078e-06
gmat_g20,numerical_gravity_2x0,EarthMJ2000Eq,610.0,2026-01-01T00:10:10Z,0.0034930523042930872,0.0004263429218553938,-0.0009982522897189483,0.003657825900924286,0.0005295071048294631,0.0027560868032239227,0.0030452347310472305,0.004141237352307429
gmat_g20,numerical_gravity_2x0,EarthMJ2000Eq,620.0,2026-01-01T00:10:20Z,0.003498123646750173,0.00045387605496216565,-0.0009677414709585719,0.0036577856793193623,0.00048471981983766455,0.002750334515688735,0.003057722963717424,0.004141130639665587
gmat_g20,numerical_gravity_2x0,EarthMJ2000Eq,630.0,2026-01-01T00:10:30Z,0.003502746608319285,0.0004813491614186205,-0.0009371024134452455,0.003657744079425947,0.0004398676978212279,0.0027442301764324384,0.0030698155129016413,0.004141020422079626
gmat_g20,numerical_gravity_2x0,EarthMJ2000Eq,640.0,2026-01-01T00:10:40Z,0.0035069205068793963,0.0005087640602141619,-0.0009063469406100921,0.0036577037998299033,0.0003949551796722517,0.0027377735634104283,0.0030815110463322526,0.004140906181879357
gmat_g20,numerical_gravity_2x0,EarthMJ2000Eq,650.0,2026-01-01T00:10:50Z,-1.6768808563938364e-07,3.383320290595293e-07,2.000888343900442e-08,3.7813782060171543e-07,-8.322231792590173e-07,7.478462293875054e-07,4.440892098500626e-09,1.1188785119161628e-06
gmat_g20,numerical_gravity_2x0,EarthMJ2000Eq,660.0,2026-01-01T00:11:00Z,0.0035139199781042407,0.000563380126550328,-0.0008444912964478135,0.0036576216766210363,0.0003049667185450744,0.0027238076238944586,0.0031036977432563617,0.004140660859440237
gmat_g20,numerical_gravity_2x0,EarthMJ2000Eq,670.0,2026-01-01T00:11:10Z,-1.851958586485125e-07,3.54702933691442e-07,1.7280399333685637e-08,4.005125334256183e-07,-9.210410212290299e-07,7.174261185127762e-07,-4.107825191113079e-08,1.1682055560092995e-06
gmat_g20,numerical_gravity_2x0,EarthMJ2000Eq,680.0,2026-01-01T00:11:20Z,0.0007960022117003973,0.00013865064829587936,-0.00017858201317721978,0.0008274871955113387,5.021849602826478e-05,0.0006138036745539921,0.0007063900575587923,0.0009371572769056631
gmat_g20,numerical_gravity_2x0,EarthMJ2000Eq,690.0,2026-01-01T00:11:30Z,0.0010318024692423933,0.00019115486793452874,-0.00021777213987661526,0.0010717188175898597,4.583089463494616e-05,0.0007911995503206981,0.000919065046289802,0.0012135805530093132
gmat_g20,numerical_gravity_2x0,EarthMJ2000Eq,700.0,2026-01-01T00:11:40Z,0.004204670261742649,0.0007991993697942235,-0.0008618490028311498,0.004365862497416007,0.0001532631799250339,0.0032137565941781077,0.003751271737684192,0.004942040135297586
gmat_g20,numerical_gravity_2x0,EarthMJ2000Eq,710.0,2026-01-01T00:11:50Z,0.000928365494701211,0.00018712580640567467,-0.00017803085938794538,0.0009636252103744528,1.5571544054182596e-05,0.0007065010798612548,0.0008314502419892733,0.0010911900630657207
gmat_g20,numerical_gravity_2x0,EarthMJ2000Eq,720.0,2026-01-01T00:12:00Z,0.004225701744076105,0.0008669348972034641,-0.0007904491212684661,0.004385537727484636,4.6133763476063905e-05,0.0032067468680452293,0.0037891128013001207,0.004964144399675215
gmat_g20,numerical_gravity_2x0,EarthMJ2000Eq,730.0,2026-01-01T00:12:10Z,0.0009133630136659576,0.0001979087755898945,-0.0001587795850355178,0.0009479508609693346,-8.060219158778636e-06,0.0006901053062335905,0.0008221459069090997,0.001073421721911771
gmat_g20,numerical_gravity_2x0,EarthMJ2000Eq,740.0,2026-01-01T00:12:20Z,0.0037557147294364768,0.0008260440154117532,-0.0006366335583152249,0.003897825564577869,-5.297717819985337e-05,0.0028301292420707114,0.0033843496893837255,0.004412058581690125
gmat_g20,numerical_gravity_2x0,EarthMJ2000Eq,750.0,2026-01-01T00:12:30Z,0.0005729898475692607,0.00013522821973310784,-8.668484952067956e-05,0.0005950783981678827,-2.3881341348896967e-05,0.00042931369570453626,0.0005190889940109855,0.0006740429893467082
gmat_g20,numerical_gravity_2x0,EarthMJ2000Eq,760.0,2026-01-01T00:12:40Z,0.0037616977124343975,0.0008842444003676064,-0.0005700767360394821,0.003906052396510968,-0.00014931433867104715,0.0028140698660195085,0.003406795734406387,0.004421260132421681
gmat_g20,numerical_gravity_2x0,EarthMJ2000Eq,770.0,2026-01-01T00:12:50Z,0.000552557594346581,0.0001385014911647886,-7.402013579849154e-05,0.0005744401958677492,-3.674749393667298e-05,0.0004111027074316098,0.0005029832106373533,0.0006506519227292622
gmat_g20,numerical_gravity_2x0,EarthMJ2000Eq,780.0,2026-01-01T00:13:00Z,0.0038646563780275756,0.0009688592399470508,-0.0005139099812367931,0.004017257847820426,-0.00025563196004441124,0.002869209314582122,0.0035181237922898845,0.004546966550103168
gmat_g20,numerical_gravity_2x0,EarthMJ2000Eq,790.0,2026-01-01T00:13:10Z,0.00015416441101478995,4.0397935663349926e-05,-1.9032086129300296e-05,0.0001605019599002777,-1.3459455772135698e-05,0.00011476020134182363,0.0001407909344663949,0.00018213497190166055
gmat_g20,numerical_gravity_2x0,EarthMJ2000Eq,800.0,2026-01-01T00:13:20Z,0.0007594651378894923,0.00020493916963459924,-8.423194230999798e-05,0.0007911272837068252,-7.508837995828799e-05,0.0005593825402883112,0.0006956780707056964,0.0008958320541513149
gmat_g20,numerical_gravity_2x0,EarthMJ2000Eq,810.0,2026-01-01T00:13:30Z,0.0037151619380892953,0.001014819645206444,-0.0003949480742448941,0.0038714688581821363,-0.00038691272408186705,0.0027281288339509047,0.0034070682941589325,0.004381837828098369
gmat_g20,numerical_gravity_2x0,EarthMJ2000Eq,820.0,2026-01-01T00:13:40Z,0.0005738139634559047,0.00016600370145170018,-5.056517693446949e-05,0.0005994802170806422,-7.568612403474617e-05,0.0004188511759650737,0.0005289503279826135,0.0006789353035832226
gmat_g20,numerical_gravity_2x0,EarthMJ2000Eq,830.0,2026-01-01T00:13:50Z,0.003738314035217627,0.0010778903742902912,-0.0003299965101177804,0.0039045790018365197,-0.00048532822205515913,0.0027246263023528172,0.003445315921446479,0.004419200580327692
gmat_g20,numerical_gravity_2x0,EarthMJ2000Eq,840.0,2026-01-01T00:14:00Z,0.0005482505684994976,0.00016680769476806745,-3.8627149478998035e-05,0.0005743653450293914,-8.621814373555026e-05,0.000397246679995078,0.0005078006903858068,0.0006504614010320812
gmat_g20,numerical_gravity_2x0,EarthMJ2000Eq,850.0,2026-01-01T00:14:10Z,0.0038346706787706353,0.0011664333214866929,-0.00026631187211023644,0.004016987418616666,-0.0006006333208574688,0.002772878371359866,0.003552321437005901,0.004546273467389669
gmat_g20,numerical_gravity_2x0,EarthMJ2000Eq,860.0,2026-01-01T00:14:20Z,0.00015273667486326303,4.8286892706528306e-05,-9.133145795203745e-06,0.00016044790496498964,-2.7324809082074353e-05,0.00011069190009038721,0.00014192186315042932,0.00018204712899983145
gmat_g20,numerical_gravity_2x0,EarthMJ2000Eq,870.0,2026-01-01T00:14:30Z,0.0007518319762311876,0.0002434044290566817,-3.5334778658580035e-05,0.000791040822682972,-0.00014289813776713345,0.000539115418973779,0.0007007994184959898,0.0008956478871280306
gmat_g20,numerical_gravity_2x0,EarthMJ2000Eq,880.0,2026-01-01T00:14:40Z,0.003676465894386638,0.0012023856470477767,-0.00015548903320450336,0.0038712155140551803,-0.0007180673833317996,0.0026282180876080474,0.003431032069567408,0.004381224959464544
gmat_g20,numerical_gravity_2x0,EarthMJ2000Eq,890.0,2026-01-01T00:14:50Z,0.0005667188816005364,0.00019476510715321638,-1.3430508261080831e-05,0.0005994031333577742,-0.0001268913862872978,0.0004025193511836278,0.0005315881901335473,0.0006787556672917445
gmat_g20,numerical_gravity_2x0,EarthMJ2000Eq,900.0,2026-01-01T00:15:00Z,0.0036906512832501903,0.001264263119082898,-8.80982042872347e-05,0.0039021826485222512,-0.0008176659349601323,0.00261769628195907,0.0034614276722688686,0.00441615137151403
gmat_g20,numerical_gravity_2x0,EarthMJ2000Eq,910.0,2026-01-01T00:15:10Z,0.0005614408564724727,0.00020191600924590603,-2.684828359633684e-06,0.0005966515887933737,-0.00014088907818177177,0.00039549963304352787,0.0005292616900298697,0.0006755646739000999
gmat_g20,numerical_gravity_2x0,EarthMJ2000Eq,920.0,2026-01-01T00:15:20Z,0.003675356765597826,0.0013170715646992903,-1.8785613065119833e-05,0.0039042640484761503,-0.000912460329516307,0.002585936798027433,0.0034645211872963433,0.0044184341155616026
gmat_g20,numerical_gravity_2x0,EarthMJ2000Eq,930.0,2026-01-01T00:15:30Z,0.0005376607532525668,0.00020162588043604046,7.183189154602587e-06,0.0005742679509220036,-0.0001488933421001093,0.0003758229283334913,0.0005093403337985691,0.0006502612370554918
gmat_g20,numerical_gravity_2x0,EarthMJ2000Eq,940.0,2026-01-01T00:15:40Z,0.003760859499379876,0.0014094962352828588,5.41831468581222e-05,0.004016675195327082,-0.0010381739912190824,0.0026238335948391978,0.0035637079537353955,0.004545582729306273
gmat_g20,numerical_gravity_2x0,EarthMJ2000Eq,950.0,2026-01-01T00:15:50Z,0.00014948341231502127,5.797801350126974e-05,3.6543497117236257e-06,0.00016037485737705785,-4.4866332871151826e-05,0.00010441114639547777,0.00014201337328323405,0.00018188588045311836
gmat_g20,numerical_gravity_2x0,EarthMJ2000Eq,960.0,2026-01-01T00:16:00Z,0.0007350943178607849,0.0002905726432800293,2.7795977075584233e-05,0.0007909290319083896,-0.00022866242233021694,0.0005080926790412832,0.0007008724434154345,0.0008953585068677197
gmat_g20,numerical_gravity_2x0,EarthMJ2000Eq,970.0,2026-01-01T00:16:10Z,0.003592922894313233,0.0014322667993837968,0.00015353452909039333,0.003870924432318499,-0.0011368053165483616,0.002475809335322765,0.003430273287641228,0.0043804946091176656
gmat_g20,numerical_gravity_2x0,EarthMJ2000Eq,980.0,2026-01-01T00:16:20Z,0.0005523797881323844,0.0002299120751558803,3.4387085179332644e-05,0.0005993041500496986,-0.0001914521874368802,0.0003778302115620136,0.0005300584970946431,0.0006785069043020816
gmat_g20,numerical_gravity_2x0,EarthMJ2000Eq,990.0,2026-01-01T00:16:30Z,0.003600043100959738,0.0014937586456653662,0.00022351105144480243,0.003904046927277616,-0.0012382512792896705,0.0024596422676381735,0.0034547594229827894,0.004417971139120664
gmat_g20,numerical_gravity_2x0,EarthMJ2000Eq,1000.0,2026-01-01T00:16:40Z,0.0005255628821032587,0.00022726953829987906,4.2767169361468405e-05,0.0005741923169626329,-0.00019656454242067412,0.0003564548656243005,0.0005068703234911709,0.0006500886211897047
gmat_g20,numerical_gravity_2x0,EarthMJ2000Eq,1010.0,2026-01-01T00:16:50Z,0.003676485448522726,0.0015885430002526846,0.0003031909727724269,0.004016458500074642,-0.0013712089241835201,0.002489167094665845,0.00354709650540741,0.004545113899299025
gmat_g20,numerical_gravity_2x0,EarthMJ2000Eq,1020.0,2026-01-01T00:17:00Z,0.00014587658370146528,6.50916263111867e-05,1.3566022971644998e-05,0.00016031510991641734,-5.8152593851446e-05,9.874367989937127e-05,0.00014101997347637507,0.00018171040534597425
gmat_g20,numerical_gravity_2x0,EarthMJ2000Eq,1030.0,2026-01-01T00:17:10Z,0.0007168018782977015,0.0003251852831454016,7.671042112633586e-05,0.0007908444156816482,-0.0002937143861458935,0.0004803197839464701,0.0006958996712214116,0.0008951265764602856
gmat_g20,numerical_gravity_2x0,EarthMJ2000Eq,1040.0,2026-01-01T00:17:20Z,0.0035021807889279444,0.0016008962120395154,0.0003929044396500103,0.0038707251076193876,-0.001454480980100925,0.0023396555803856245,0.0034052763941971875,0.0043801153497575315
gmat_g20,numerical_gravity_2x0,EarthMJ2000Eq,1050.0,2026-01-01T00:17:30Z,0.000537261257704813,0.0002556066647230182,7.133439794415608e-05,0.0005992270207621133,-0.00024027979605989458,0.00035593528124877594,0.0005250957446634175,0.0006783434571777476
gmat_g20,numerical_gravity_2x0,EarthMJ2000Eq,1060.0,2026-01-01T00:17:40Z,0.0035002899494429585,0.0016600993149040733,0.0004640378392650746,0.0039017035486805197,-0.0015552910070937287,0.0023168258422856525,0.0034215515976043775,0.004415158823337878
gmat_g20,numerical_gravity_2x0,EarthMJ2000Eq,1070.0,2026-01-01T00:17:50Z,0.0005279625838738866,0.00026055249691125937,8.118604455376044e-05,0.000594325893300778,-0.0002519522368515936,0.0003463971331996163,0.0005187962281993919,0.0006727707112659927
gmat_g20,numerical_gravity_2x0,EarthMJ2000Eq,1080.0,2026-01-01T00:18:00Z,0.003487867616058793,0.0017161837604362518,0.0005360107024898753,0.003924004928631009,-0.00165459734802198,0.0022863213544610517,0.0034280485117221815,0.004440323672736781
gmat_g20,numerical_gravity_2x0,EarthMJ2000Eq,1090.0,2026-01-01T00:18:10Z,0.00042437250158400275,0.00021615278456010856,7.302060112124309e-05,0.0004818153739368025,-0.00021390356153005996,0.000276087153139315,0.00041886938362267756,0.0005453718092276659
gmat_g20,numerical_gravity_2x0,EarthMJ2000Eq,1100.0,2026-01-01T00:18:20Z,0.0038158414099598303,0.0019501326278259512,0.000672713213134557,0.004337765092671731,-0.0019329213785113097,0.0024751978244808015,0.003772322010320295,0.0049084827264000335
gmat_g20,numerical_gravity_2x0,EarthMJ2000Eq,1110.0,2026-01-01T00:18:30Z,0.0032457596716994885,0.001686154519120464,0.0006045611371519044,0.0037072317269541623,-0.0016904690980368287,0.002095684958902666,0.0032169387154112883,0.004195029906579969
gmat_g20,numerical_gravity_2x0,EarthMJ2000Eq,1120.0,2026-01-01T00:18:40Z,0.0005436904757516459,0.00029239799914648756,0.00011218889994779602,0.0006274410510951742,-0.0003001403570124239,0.0003479860843924598,0.0005414664272507252,0.0007101862014134085
gmat_g20,numerical_gravity_2x0,EarthMJ2000Eq,1130.0,2026-01-01T00:18:50Z,0.0033781707315938547,0.0018156738406105433,0.0007014077709754929,0.0038988051821628135,-0.0018621530983864432,0.0021593549170972892,0.0033665046306197155,0.0044117775610071795
gmat_g20,numerical_gravity_2x0,EarthMJ2000Eq,1140.0,2026-01-01T00:19:00Z,0.0005105011950945482,0.0002850124474207405,0.00011768497643060982,0.0005964003010186996,-0.00029949731583656103,0.00032297720053975354,0.0005114837442476983,0.0006750026184330294
gmat_g20,numerical_gravity_2x0,EarthMJ2000Eq,1150.0,2026-01-01T00:19:10Z,0.0033442424864915665,0.0018607202036946546,0.000769521648180671,0.003903639462336586,-0.0019504833304040403,0.002114933561614407,0.00335172645193893,0.004417170972563114
gmat_g20,numerical_gravity_2x0,EarthMJ2000Eq,1160.0,2026-01-01T00:19:20Z,0.00048570063881925307,0.00028025078790960833,0.00012267901183804497,0.0005740172075982966,-0.00030029667641429114,0.0003040327989367597,0.000489330131969723,0.0006496599223811611
gmat_g20,numerical_gravity_2x0,EarthMJ2000Eq,1170.0,2026-01-01T00:19:30Z,0.003398283752176212,0.001958660959644476,0.0008625911505077966,0.004016061342668289,-0.002096837370402227,0.002124793674340708,0.0034264364678904258,0.00454444077801912
gmat_g20,numerical_gravity_2x0,EarthMJ2000Eq,1180.0,2026-01-01T00:19:40Z,0.00013423959899228066,7.971766535774805e-05,3.574859874788672e-05,0.0001601659714800108,-8.686917851719045e-05,8.358647107797879e-05,0.00013551160193969736,0.00018137350022476897
gmat_g20,numerical_gravity_2x0,EarthMJ2000Eq,1190.0,2026-01-01T00:19:50Z,0.0006583627509826329,0.00039628639569855295,0.00018615992303239182,0.0007906579135382104,-0.0004347340265553612,0.00040601300099751825,0.0006684213182950316,0.0008947777878195882
gmat_g20,numerical_gravity_2x0,EarthMJ2000Eq,1200.0,2026-01-01T00:20:00Z,0.0032135694709722884,0.001947033069882309,0.0009282866813009605,0.003870359503025681,-0.002143289989930963,0.0019753096935914982,0.003268768589137494,0.004379542037230232
gmat_g20,numerical_gravity_2x0,EarthMJ2000Eq,1210.0,2026-01-01T00:20:10Z,0.000490259026264539,0.00030804721973254345,0.00015368550521088764,0.0005990544523920422,-0.00034559466399741723,0.0002977644797397261,0.0005014300086259027,0.0006778874616990126
gmat_g20,numerical_gravity_2x0,EarthMJ2000Eq,1220.0,2026-01-01T00:20:20Z,0.0031956683415046427,0.0020016368580400012,0.0010008507160819136,0.003901352126665954,-0.0022420865164463066,0.0019408536999776516,0.0032703280083978825,0.0044146245949637595
gmat_g20,numerical_gravity_2x0,EarthMJ2000Eq,1230.0,2026-01-01T00:20:30Z,0.00047925504986778833,0.0003113923412456643,0.0001623748175916262,0.0005941516425948399,-0.0003551923200006968,0.0002874234183991575,0.0004932925179446102,0.0006723922321769252
gmat_g20,numerical_gravity_2x0,EarthMJ2000Eq,1240.0,2026-01-01T00:20:40Z,0.003167642717016861,0.0020519619283732027,0.00107268806459615,0.003923667649290657,-0.0023372885848971237,0.0018995276462874244,0.0032621771950402945,0.0044399237898799125
gmat_g20,numerical_gravity_2x0,EarthMJ2000Eq,1250.0,2026-01-01T00:20:50Z,0.00038340886021615006,0.00025653480406617746,0.000138447830977384,0.0004816432929999769,-0.00029666669121297673,0.00022733903648486375,0.00039672887197639284,0.0005450577593657236
gmat_g20,numerical_gravity_2x0,EarthMJ2000Eq,1260.0,2026-01-01T00:21:00Z,0.003445974925853079,0.002312153355887858,0.0012619420886039734,0.004337429442162925,-0.002677830401864867,0.002037763735529552,0.0035729912362114646,0.004908107891747597
gmat_g20,numerical_gravity_2x0,EarthMJ2000Eq,1270.0,2026-01-01T00:21:10Z,0.002923778083641082,0.0019920917111448944,0.0011065285434597172,0.0037069277151683434,-0.002323304215678945,0.001718137632167327,0.0030405731266114344,0.00419461849754334
gmat_g20,numerical_gravity_2x0,EarthMJ2000Eq,1280.0,2026-01-01T00:21:20Z,0.0004870635166298598,0.0003429722710279748,0.0001964745024451986,0.000627266353343634,-0.0004057376656874112,0.00028251978534399314,0.0005092788413207927,0.0007097925194627896
gmat_g20,numerical_gravity_2x0,EarthMJ2000Eq,1290.0,2026-01-01T00:21:30Z,0.0030267046895460226,0.002129631411662558,0.0012255895853741094,0.003898504977428813,-0.0025192070651769427,0.0017545023212051092,0.0031680733592054366,0.00441150444198561
gmat_g20,numerical_gravity_2x0,EarthMJ2000Eq,1300.0,2026-01-01T00:21:40Z,0.0004545163392322138,0.00033173273550346494,0.00019711023924173787,0.0005962249213573681,-0.00039835867937654257,0.0002594733317096143,0.00047874193498387285,0.0006746924392752695
gmat_g20,numerical_gravity_2x0,EarthMJ2000Eq,1310.0,2026-01-01T00:21:50Z,0.002979272721859161,0.002166884769394528,0.001290252839680761,0.0039033585468609385,-0.002599255033430836,0.0017017205422575898,0.0031397733302185316,0.004417030235113698
gmat_g20,numerical_gravity_2x0,EarthMJ2000Eq,1320.0,2026-01-01T00:22:00Z,0.0004299981810618192,0.000324034317600308,0.00019850267563015223,0.0005738466580293901,-0.00039406256036045306,0.0002418003575144212,0.00045591752595441903,0.0006493177225706503
gmat_g20,numerical_gravity_2x0,EarthMJ2000Eq,1330.0,2026-01-01T00:22:10Z,0.0030091405278653838,0.0022647927835350856,0.0013936896721133962,0.0040157918236569615,-0.0027542199632080155,0.0016914745160079292,0.0031942595235534554,0.004544238940444238
gmat_g20,numerical_gravity_2x0,EarthMJ2000Eq,1340.0,2026-01-01T00:22:20Z,0.00011823976819869131,9.169207260129042e-05,5.66860762774013e-05,0.00016000434433267093,-0.00011253664666810437,6.573053212832747e-05,0.0001255822112966598,0.0001809858875474377
gmat_g20,numerical_gravity_2x0,EarthMJ2000Eq,1350.0,2026-01-01T00:22:30Z,0.0005784495442640036,0.0004544049261312466,0.000289440322376322,0.0007904830247189919,-0.0005614673170839524,0.000318538972976512,0.0006191842594205355,0.0008944840817882337
gmat_g20,numerical_gravity_2x0,EarthMJ2000Eq,1360.0,2026-01-01T00:22:40Z,0.002820043846440967,0.002229575784440385,0.0014332345017464831,0.003870118423434742,-0.002762458706229154,0.001546893280135464,0.0030259417194145044,0.004379541096170091
gmat_g20,numerical_gravity_2x0,EarthMJ2000Eq,1370.0,2026-01-01T00:22:50Z,0.00042726878746179864,0.00035038738133152947,0.00023093616619007662,0.0005988835000148301,-0.0004395701580506284,0.00023005330973546734,0.00046160808508943774,0.000677663982655737
gmat_g20,numerical_gravity_2x0,EarthMJ2000Eq,1380.0,2026-01-01T00:23:00Z,0.0027867063181474805,0.0022778094717068598,0.0015048672139528207,0.0039011246358749804,-0.0028560345199935,0.0015018981613934557,0.0030127109695854415,0.004414641395725364
gmat_g20,numerical_gravity_2x0,EarthMJ2000Eq,1390.0,2026-01-01T00:23:10Z,0.0004149242158746347,0.0003520294740155805,0.00023818483896320686,0.0005939855831640996,-0.0004466897962629446,0.0002191571368825862,0.00045175641005812395,0.0006720457415686877
gmat_g20,numerical_gravity_2x0,EarthMJ2000Eq,1400.0,2026-01-01T00:23:20Z,0.0027439900804893114,0.0023207385311252438,0.0015742334653623402,0.00392345764538625,-0.002944037014174228,0.0014510233015130325,0.0029900819598083217,0.00443997890633873
gmat_g20,numerical_gravity_2x0,EarthMJ2000Eq,1410.0,2026-01-01T00:23:30Z,0.0003299610398244113,0.00028850809030700475,0.00019928484107367694,0.00048148276589755754,-0.000369639430175539,0.00017124435203186295,0.0003617035559955184,0.0005447819736950855
gmat_g20,numerical_gravity_2x0,EarthMJ2000Eq,1420.0,2026-01-01T00:23:40Z,0.0029635721148224548,0.002598686933197314,0.001809867171687074,0.004337228681505538,-0.003335848042240741,0.00153413992620699,0.0032573699293436675,0.004908352710502389
gmat_g20,numerical_gravity_2x0,EarthMJ2000Eq,1430.0,2026-01-01T00:23:50Z,0.0025050721887964755,0.0022318586161418352,0.001571466782479547,0.0037048734663905503,-0.002879305682768063,0.0012842038543681156,0.0027639459609929418,0.004192729186303783
gmat_g20,numerical_gravity_2x0,EarthMJ2000Eq,1440.0,2026-01-01T00:24:00Z,0.00041489147406537086,0.00038243683775363024,0.0002742781362030655,0.0006273925136006645,-0.0004981064449793848,0.00020820234425400486,0.000460937954471774,0.000709874668202414
gmat_g20,numerical_gravity_2x0,EarthMJ2000Eq,1450.0,2026-01-01T00:24:10Z,0.002595137630123645,0.0023924185370560735,0.0017234106053365394,0.003927919282561665,-0.00311877812464445,0.001301612151394238,0.002887625250025394,0.0044451491277573705
gmat_g20,numerical_gravity_2x0,EarthMJ2000Eq,1460.0,2026-01-01T00:24:20Z,0.00028362046577967703,0.00027078613129560836,0.0001981443347176537,0.00043934823874897344,-0.0003561222428061228,0.0001389883763636135,0.0003176507945568119,0.0004970340510146468
gmat_g20,numerical_gravity_2x0,EarthMJ2000Eq,1470.0,2026-01-01T00:24:30Z,0.0019108701962977648,0.0018257128431287128,0.0013447524906951003,0.0029653012585393176,-0.0024048754099226244,0.0009355076713291055,0.0021454487075800444,0.003355823370981107
gmat_g20,numerical_gravity_2x0,EarthMJ2000Eq,1480.0,2026-01-01T00:24:40Z,0.0017238162399735302,0.0016801855053927284,0.0012523896657512523,0.0027134932534666144,-0.002225611694939289,0.0008320633071434713,0.0019454038380217753,0.0030708749334244986
gmat_g20,numerical_gravity_2x0,EarthMJ2000Eq,1490.0,2026-01-01T00:24:50Z,0.0017208667486556806,0.0017062486676877597,0.0012846112440456636,0.002742789261125174,-0.0022707906666141753,0.0008202780676924704,0.0019508350490582416,0.003104046350902869
gmat_g20,numerical_gravity_2x0,EarthMJ2000Eq,1500.0,2026-01-01T00:25:00Z,0.0017283737179241143,0.0017461454717704328,0.0013287635738379322,0.0027931903537986393,-0.0023356268030738647,0.0008122373884589251,0.0019691595021242847,0.0031610870413916123
gmat_g20,numerical_gravity_2x0,EarthMJ2000Eq,1510.0,2026-01-01T00:25:10Z,0.0015934083421598189,0.0016379162843804806,0.0012582841009134427,0.002608639257949403,-0.0022007835553949917,0.0007387415124071595,0.0018238250909519138,0.0029522068427256915
gmat_g20,numerical_gravity_2x0,EarthMJ2000Eq,1520.0,2026-01-01T00:25:20Z,0.001043429620040115,0.0010947267128358362,0.0008497745511704125,0.0017347301621838164,-0.0014784564683623103,0.0004758415883543421,0.001200747057339413,0.0019631740222810605
gmat_g20,numerical_gravity_2x0,EarthMJ2000Eq,1530.0,2026-01-01T00:25:30Z,0.001102195710700471,0.0011762067515519448,0.0009212581062456593,0.0018566136392384478,-0.0015953451892869452,0.0004955476029522288,0.0012744356681082536,0.0021011615768234556
gmat_g20,numerical_gravity_2x0,EarthMJ2000Eq,1540.0,2026-01-01T00:25:40Z,0.0010717276381910779,0.001166017909781658,0.0009222594599123113,0.0018326921202951579,-0.0015890257998307789,0.0004738600622999911,0.0012459469012071622,0.0020741094551152616
gmat_g20,numerical_gravity_2x0,EarthMJ2000Eq,1550.0,2026-01-01T00:25:50Z,0.00105725212051766,0.0011722295312210917,0.000935858679440571,0.0018351391195465696,-0.0016047323470047559,0.0004595968050580268,0.0012357563861087328,0.0020768940691695023
gmat_g20,numerical_gravity_2x0,EarthMJ2000Eq,1560.0,2026-01-01T00:26:00Z,0.0010411367838969454,0.0011767499472625786,0.0009481586857873481,0.0018351324569631882,-0.0016181411766069687,0.0004445723789103795,0.0012236758273331816,0.0020768745744316306
gmat_g20,numerical_gravity_2x0,EarthMJ2000Eq,1570.0,2026-01-01T00:26:10Z,0.0010248904800391756,0.0011811212061729748,0.0009603327271179296,0.001835125812177518,-0.0016313297379610958,0.00042948844480861226,0.001211433620085245,0.0020768409794813805
gmat_g20,numerical_gravity_2x0,EarthMJ2000Eq,1580.0,2026-01-01T00:26:20Z,0.0010085122994496487,0.0011853403520944994,0.0009723835319164209,0.0018351181274204075,-0.0016443353345607647,0.0004143547727153418,0.0011990479720225267,0.002076835238859448
gmat_g20,numerical_gravity_2x0,EarthMJ2000Eq,1590.0,2026-01-01T00:26:30Z,0.0009920031516230665,0.0011894080671481788,0.000984311100182822,0.001835110390404452,-0.001657180170866468,0.0003991713626305682,0.0011865290971968534,0.002076881121766997
gmat_g20,numerical_gravity_2x0,EarthMJ2000Eq,1600.0,2026-01-01T00:26:40Z,0.0009753703125170432,0.0011933236692129867,0.0009961140676750802,0.0018351054089244395,-0.0016697905280693703,0.00038393732637587163,0.001173845021185116,0.002076901637530272
gmat_g20,numerical_gravity_2x0,EarthMJ2000Eq,1610.0,2026-01-01T00:26:50Z,0.0009586101441527717,0.001197087158288923,0.0010077892511617392,0.0018350995198544373,-0.0016821735115968295,0.000368647334880734,0.0011610090666636097,0.002076908913146598
gmat_g20,numerical_gravity_2x0,EarthMJ2000Eq,1620.0,2026-01-01T00:27:00Z,0.0009417299224878661,0.001200696488012909,0.001019333922158694,0.0018350937164349297,-0.0016943264569135863,0.0003533120462861916,0.0011480185690970757,0.0020769011001104455
gmat_g20,numerical_gravity_2x0,EarthMJ2000Eq,1630.0,2026-01-01T00:27:10Z,0.0009247260095435195,0.0012041523405059706,0.0010307494449079968,0.0018350873194620556,-0.001706245811305962,0.00033792879605698545,0.0011348770811991926,0.002076876652388115
gmat_g20,numerical_gravity_2x0,EarthMJ2000Eq,1640.0,2026-01-01T00:27:20Z,0.0009076038622879423,0.0012074547157681081,0.0010420289981993847,0.0018350793156043817,-0.001717971542802843,0.00032250468962047307,0.001121597925646256,0.002076876838794627
gmat_g20,numerical_gravity_2x0,EarthMJ2000Eq,1650.0,2026-01-01T00:27:30Z,0.0008903680281946436,0.0012106024769309442,0.0010531803127378225,0.0018350755717193483,-0.0017295271881323515,0.0003070423915119136,0.001108183766973525,0.002076923346216221
gmat_g20,numerical_gravity_2x0,EarthMJ2000Eq,1660.0,2026-01-01T00:27:40Z,0.0008730166882742196,0.0012135958513681544,0.0010641947483236436,0.001835070432115047,-0.001740836808039603,0.0002915401253744676,0.0010946239470399632,0.002076947284444702
gmat_g20,numerical_gravity_2x0,EarthMJ2000Eq,1670.0,2026-01-01T00:27:50Z,0.0008555525710107759,0.001216433815898199,0.001075071850209497,0.0018350642804372476,-0.0017519092843087947,0.0002759978912081351,0.0010809211303808297,0.0020769572615974697
gmat_g20,numerical_gravity_2x0,EarthMJ2000Eq,1680.0,2026-01-01T00:28:00Z,0.0008379802238778211,0.0012191154610263766,0.0010858125278900843,0.001835059183962995,-0.0017627437287615066,0.0002604183535481752,0.0010670762051745442,0.002076953249305932
gmat_g20,numerical_gravity_2x0,EarthMJ2000Eq,1690.0,2026-01-01T00:28:10Z,0.0008202987373806536,0.0012216416962473886,0.0010964126886392478,0.0018350529246775515,-0.001773331259613542,0.0002448059532866864,0.0010530873950642672,0.002076927243003567
gmat_g20,numerical_gravity_2x0,EarthMJ2000Eq,1700.0,2026-01-01T00:28:20Z,0.0008025126589927822,0.001224011384692858,0.0011068727872043382,0.0018350470851601856,-0.0017837069599124789,0.0002291633549589278,0.001038971575439973,0.002076917980245842
gmat_g20,numerical_gravity_2x0,EarthMJ2000Eq,1710.0,2026-01-01T00:28:30Z,0.0007846238077036105,0.0012262250947969733,0.001117191459343303,0.0018350420320948448,-0.0017939183472037712,0.0002134896703864797,0.0010247296344800816,0.0020769669471558086
gmat_g20,numerical_gravity_2x0,EarthMJ2000Eq,1720.0,2026-01-01T00:28:40Z,0.0007666385499760509,0.0012282814623176819,0.0011273655218246859,0.0018350376118166326,-0.0018038743831993997,0.0001977840113909224,0.0010103509140435563,0.002076990677647242
gmat_g20,numerical_gravity_2x0,EarthMJ2000Eq,1730.0,2026-01-01T00:28:50Z,0.0007485496098524891,0.0012301807146286592,0.0011373977031325921,0.0018350326002951251,-0.0018135875023972403,0.00018205792429171197,0.0009958371904872365,0.002077001787819736
gmat_g20,numerical_gravity_2x0,EarthMJ2000Eq,1740.0,2026-01-01T00:29:00Z,0.0007303660822799429,0.0012319227380430675,0.0011472820915514603,0.001835027096325058,-0.001823054152083614,0.00016630785637516965,0.000981198233773739,0.002077001376620178
gmat_g20,numerical_gravity_2x0,EarthMJ2000Eq,1750.0,2026-01-01T00:29:10Z,0.0007120843292796053,0.0012335069641267182,0.001157020506070694,0.0018350204287753266,-0.0018322645622959044,0.00015053913671181363,0.0009664331557246442,0.0020769806215781682
gmat_g20,numerical_gravity_2x0,EarthMJ2000Eq,1760.0,2026-01-01T00:29:20Z,0.0006937179932720028,0.0012349333928796113,0.001166609308711486,0.0018350156452223438,-0.0018412555924385288,0.0001347491007663848,0.000951544620875211,0.0020769729517641907
gmat_g20,numerical_gravity_2x0,EarthMJ2000Eq,1770.0,2026-01-01T00:29:30Z,0.0006569853212567978,0.0011996837656624848,0.001140546828537481,0.0017809317555785016,-0.001794777659824831,0.00011680256761792407,0.0009102425480023157,0.0020157904613828754
gmat_g20,numerical_gravity_2x0,EarthMJ2000Eq,1780.0,2026-01-01T00:29:40Z,0.000685286067891866,0.0012943747833560337,0.0012408168004185427,0.0019195440622282113,-0.0019450303589962914,0.00010644374270896151,0.0009624923080764347,0.0021727551198617474
gmat_g20,numerical_gravity_2x0,EarthMJ2000Eq,1790.0,2026-01-01T00:29:50Z,0.0005511847120942548,0.0010646490409271792,0.0010256917448714375,0.0015777597163988573,-0.0016040488937107966,7.712852578833918e-05,0.0007811458146989025,0.0017858080654781256
gmat_g20,numerical_gravity_2x0,EarthMJ2000Eq,1800.0,2026-01-01T00:30:00Z,0.00136403559736209,0.00272661566214083,0.002649658199516125,0.004039271549941358,-0.004127421071586923,0.00015833823141520043,0.0019618884294914096,0.00457271056458636
